time,3336A,3336B,3336C,3336D,3346A,3346B,3346C,3346D,3354A,3354B,3354C,3354D,3356A,3356B,3356C,3356D
01-Oct-18 12:00:00 AM EDT,19.34,44.46,51.94,30.86,19.23,21.7,36.8,19.22,38.95,57.07,21.36,34.56,18.04,44.52,25.86,20.04
01-Oct-18 12:30:00 AM EDT,19.67,44.89,51.94,31.38,19.23,21.7,36.8,19.43,38.95,57.07,21.31,37.86,17.77,43.99,25.86,20.04
01-Oct-18 1:00:00 AM EDT,19.45,44.73,51.94,30.91,19.08,21.7,36.8,19.16,38.95,57.07,21.31,37.86,17.93,43.88,25.86,20.04
01-Oct-18 1:30:00 AM EDT,19.61,44.78,51.94,31.23,19.08,21.7,36.8,19.38,38.95,57.07,21.31,37.86,17.72,44.36,25.86,20.04
01-Oct-18 2:00:00 AM EDT,19.67,44.25,51.94,30.97,19.08,21.7,36.8,19.38,38.95,57.07,21.26,37.86,17.12,44.47,25.86,20.25
01-Oct-18 2:30:00 AM EDT,19.56,44.62,51.94,31.38,19.08,21.7,36.8,19.38,38.95,57.07,21.05,37.86,17.5,43.62,25.86,20.25
01-Oct-18 3:00:00 AM EDT,19.67,44.89,51.94,30.03,19.23,21.7,36.8,19.38,38.95,57.07,21.31,37.86,17.29,44.79,25.86,20.04
01-Oct-18 3:30:00 AM EDT,19.56,44.89,51.94,31.38,19.23,21.7,36.8,19.38,38.95,57.07,21.26,37.86,17.66,44.36,25.86,20.04
01-Oct-18 4:00:00 AM EDT,19.67,44.57,51.94,30.76,19.23,21.7,36.8,19.38,38.95,57.07,21.26,37.86,17.5,44.68,26.13,20.25
01-Oct-18 4:30:00 AM EDT,19.23,44.73,51.94,30.6,19.08,21.7,36.8,19.38,38.95,57.07,21.21,37.86,17.88,43.94,25.86,20.04
01-Oct-18 5:00:00 AM EDT,19.72,44.41,51.94,31.38,19.23,21.7,36.8,19.16,38.95,57.07,20.95,37.86,17.66,43.94,25.86,20.04
01-Oct-18 5:30:00 AM EDT,19.61,44.95,51.94,31.33,19.23,21.7,36.8,19.22,38.95,57.07,21.31,37.86,18.04,43.94,25.86,20.04
01-Oct-18 6:00:00 AM EDT,19.45,43.92,51.94,30.97,19.23,21.7,36.8,19.22,38.95,57.07,20.54,37.86,17.77,43.94,25.86,20.04
01-Oct-18 6:30:00 AM EDT,19.67,44.73,51.94,31.49,19.28,21.7,36.8,19.22,38.95,57.07,20.59,37.86,17.82,44.63,25.86,20.25
01-Oct-18 7:00:00 AM EDT,19.67,44.52,51.94,31.49,19.08,21.7,36.8,19.38,38.95,57.07,21.26,37.86,17.56,43.72,25.86,20.25
01-Oct-18 7:30:00 AM EDT,19.61,43.82,51.94,30.81,19.23,21.7,36.8,19.38,38.95,57.07,21.31,37.86,17.5,44.52,25.86,20.04
01-Oct-18 8:00:00 AM EDT,19.23,44.3,51.94,31.33,19.08,21.7,36.8,19.38,38.95,57.07,21.1,37.86,17.99,44.63,25.86,20.04
01-Oct-18 8:30:00 AM EDT,37.57,44.78,51.94,29.77,19.08,21.7,36.8,19.33,38.95,57.07,21.26,37.86,17.82,44.63,25.86,20.25
01-Oct-18 9:00:00 AM EDT,36.63,44.46,51.94,30.13,19.08,21.7,36.8,19.38,38.95,57.07,20.9,37.86,17.18,43.3,26.13,20.04
01-Oct-18 9:30:00 AM EDT,51.88,43.76,51.94,29.82,19.28,21.7,36.8,19.22,38.95,57.07,21.21,37.86,17.61,44.47,25.86,20.04
01-Oct-18 10:00:00 AM EDT,53.7,43.82,64.74,31.44,19.08,21.59,36.8,19.38,38.95,57.07,21.31,47.3,28.27,44.41,25.86,20.04
01-Oct-18 10:30:00 AM EDT,60.44,43.44,64.74,31.07,19.23,21.59,36.8,19.16,38.95,57.07,20.59,47.3,28.59,43.67,25.86,20.25
01-Oct-18 11:00:00 AM EDT,38.45,54.57,64.74,31.23,64.36,38.09,36.8,19.33,38.95,57.07,21.16,47.3,28.49,44.41,25.86,20.25
01-Oct-18 11:30:00 AM EDT,37.35,54.35,64.74,30.7,33.59,38.09,36.8,19.38,38.95,57.07,21.05,51.28,28.38,44.36,25.86,20.04
01-Oct-18 12:00:00 PM EDT,38.73,53.33,64.74,31.23,33.59,38.09,36.8,19.16,38.95,57.07,20.64,51.28,28.27,44.26,25.86,20.04
01-Oct-18 12:30:00 PM EDT,38.67,54.46,64.74,30.6,33.59,38.09,36.8,19.38,38.95,57.07,21.1,51.28,28.27,44.79,26.13,20.25
01-Oct-18 1:00:00 PM EDT,53.2,54.52,64.74,25.07,33.59,38.09,36.8,19.33,38.95,57.07,21.16,51.28,28.38,43.4,48.18,20.04
01-Oct-18 1:30:00 PM EDT,54.2,54.89,64.74,25.85,33.59,38.09,36.8,19.22,38.95,57.07,21.26,61.62,44.91,43.4,36.75,20.25
01-Oct-18 2:00:00 PM EDT,37.68,54.84,64.74,25.74,33.59,53.12,36.8,19.16,38.95,57.07,44.38,61.62,31.83,44.52,27.84,20.25
01-Oct-18 2:30:00 PM EDT,38.34,55,64.74,25.8,33.59,53.12,36.8,19.27,38.95,57.07,43.45,61.62,31.39,44.79,27.84,20.25
01-Oct-18 3:00:00 PM EDT,37.51,54.73,64.74,25.43,33.59,53.12,36.8,19.16,38.95,57.07,53.61,61.62,30.64,44.73,22.64,20.25
01-Oct-18 3:30:00 PM EDT,38.12,53.39,64.74,25.12,49.44,57.7,36.8,19.16,38.95,57.07,57.22,61.62,35.11,44.15,24.46,20.25
01-Oct-18 4:00:00 PM EDT,38.18,54.3,64.74,56.97,49.44,14.83,36.8,19.33,38.95,57.07,56.4,61.62,36.24,44.15,24.46,20.25
01-Oct-18 4:30:00 PM EDT,38.4,57.85,64.74,58.49,49.44,14.72,36.8,19.27,38.95,57.07,57.17,61.62,27.14,44.41,39.59,20.25
01-Oct-18 5:00:00 PM EDT,38.34,57.8,64.74,57.44,49.44,14.72,36.8,19.22,38.95,57.07,57.48,44.68,37.21,44.68,25.48,31.25
01-Oct-18 5:30:00 PM EDT,37.62,57.85,64.74,59.43,49.44,14.57,36.8,19.16,38.95,57.07,57.74,58.63,36.78,97.98,25.7,31.25
01-Oct-18 6:00:00 PM EDT,38.18,37.74,64.74,59.32,49.44,14.57,36.8,19.38,38.95,57.07,57.74,58.63,38.45,31.76,25.7,31.25
01-Oct-18 6:30:00 PM EDT,38.29,37.31,64.74,59.22,49.44,14.72,36.8,19.38,38.95,57.07,58,38.12,36.94,31.49,25.7,31.25
01-Oct-18 7:00:00 PM EDT,37.18,37.1,69.46,57.65,49.44,14.72,36.8,19.16,38.95,57.07,58.15,38.12,37.48,32.45,25.7,31.25
01-Oct-18 7:30:00 PM EDT,37.85,36.34,62.13,58.28,49.44,14.62,36.8,19.16,38.95,57.07,56.91,38.12,37.32,31.6,25.7,31.25
01-Oct-18 8:00:00 PM EDT,33.15,36.67,39.3,58.02,49.44,14.62,36.8,19.38,38.95,57.07,58.05,38.12,37.32,31.81,25.7,31.25
01-Oct-18 8:30:00 PM EDT,33.43,37.58,39.3,58.22,49.44,14.78,36.8,19.38,38.95,57.07,56.24,38.12,38.18,31.44,25.7,31.25
01-Oct-18 9:00:00 PM EDT,32.65,37.31,39.3,58.9,49.44,14.72,36.8,19.38,38.95,57.07,57.89,38.12,37.26,31.38,25.7,31.25
01-Oct-18 9:30:00 PM EDT,33.54,37.58,39.3,58.02,49.44,14.52,36.8,19.22,38.95,57.07,18.37,38.12,27.95,31.6,25.7,31.25
01-Oct-18 10:00:00 PM EDT,32.76,37.63,39.3,57.86,49.44,14.72,36.8,19.22,38.95,57.07,18.42,38.12,27.63,31.91,25.54,31.25
01-Oct-18 10:30:00 PM EDT,33.65,37.58,39.3,58.8,49.44,14.67,36.8,19.22,38.95,57.07,18.47,58.94,27.68,32.39,25.54,31.25
01-Oct-18 11:00:00 PM EDT,33.54,36.88,39.3,57.6,49.44,14.52,36.8,19.22,38.95,57.07,18.37,36.76,27.68,31.49,25.59,31.25
01-Oct-18 11:30:00 PM EDT,32.71,37.69,39.3,57.55,49.44,14.52,36.8,19.22,38.95,57.07,18.37,51.13,27.03,31.54,25.59,31.25
02-Oct-18 12:00:00 AM EDT,33.37,37.74,39.3,58.17,49.44,14.67,36.8,19.38,38.95,57.07,18.32,32.04,26.6,32.34,25.59,31.25
02-Oct-18 12:30:00 AM EDT,33.65,37.47,39.3,59.37,49.44,14.67,36.8,19.38,38.95,57.07,18.52,32.04,27.57,32.18,25.59,31.25
02-Oct-18 1:00:00 AM EDT,32.27,36.4,39.3,56.29,49.44,14.72,36.8,19.38,38.95,57.07,18.32,32.04,27.79,31.81,25.59,31.25
02-Oct-18 1:30:00 AM EDT,33.43,37.42,39.3,59.01,49.44,14.72,36.8,19.27,38.95,57.07,18.47,32.04,26.87,32.18,25.59,31.25
02-Oct-18 2:00:00 AM EDT,33.48,36.56,39.3,57.86,49.44,14.72,36.8,19.27,38.95,57.07,18.01,32.04,27.03,31.76,25.59,31.25
02-Oct-18 2:30:00 AM EDT,32.76,36.61,39.3,59.27,49.44,14.52,36.8,19.27,38.95,57.07,18.11,32.04,27.73,31.81,25.59,31.25
02-Oct-18 3:00:00 AM EDT,33.7,37.53,39.3,59.16,49.44,14.67,36.8,19.27,38.95,57.07,18.47,32.04,33.6,32.45,25.59,31.25
02-Oct-18 3:30:00 AM EDT,33.54,37.2,39.3,59.22,49.44,14.62,36.8,19.27,38.95,57.07,18.11,32.04,27.3,32.18,25.59,31.25
02-Oct-18 4:00:00 AM EDT,33.54,37.15,39.3,58.85,49.44,14.52,36.8,19.27,38.95,57.07,18.42,32.04,28,31.97,25.59,31.25
02-Oct-18 4:30:00 AM EDT,33.26,37.58,39.3,58.59,49.44,14.72,36.8,19.27,38.95,57.07,17.75,32.04,38.66,32.18,25.59,31.25
02-Oct-18 5:00:00 AM EDT,32.98,36.51,39.3,56.97,49.44,14.52,36.8,19.27,38.95,57.07,18.27,32.04,30.32,32.45,25.59,31.25
02-Oct-18 5:30:00 AM EDT,32.65,37.47,39.3,57.75,49.44,14.72,36.8,19.27,38.95,57.07,18.42,32.04,52.77,31.91,25.59,31.25
02-Oct-18 6:00:00 AM EDT,33.43,37.42,39.3,58.59,49.44,14.57,36.8,19.27,38.95,57.07,17.96,32.04,51.64,31.91,25.59,31.25
02-Oct-18 6:30:00 AM EDT,33.48,37.53,39.3,59.11,49.44,14.62,36.8,19.27,38.95,57.07,18.16,32.04,36.46,31.44,25.7,31.25
02-Oct-18 7:00:00 AM EDT,33.59,37.2,39.3,59.27,49.44,14.67,36.8,19.27,38.95,57.07,18.47,32.04,34.36,31.81,25.7,31.25
02-Oct-18 7:30:00 AM EDT,33.26,37.69,39.3,56.61,49.44,14.57,36.8,19.38,38.95,57.07,18.37,32.04,39.42,31.91,25.43,31.25
02-Oct-18 8:00:00 AM EDT,32.65,37.42,55.44,59.22,49.44,14.72,36.8,19.38,38.95,57.07,18.37,32.04,53.42,31.7,25.7,31.25
02-Oct-18 8:30:00 AM EDT,52.04,37.31,55.44,58.12,49.44,14.72,36.8,19.38,38.95,57.07,18.42,32.04,35.27,32.29,25.43,31.25
02-Oct-18 9:00:00 AM EDT,35.25,36.61,55.44,19.58,49.44,14.67,36.8,19.22,38.95,57.07,18.06,32.04,37.48,31.6,25.7,31.25
02-Oct-18 9:30:00 AM EDT,52.76,36.45,55.44,20.37,49.44,62.02,36.8,19.16,38.95,57.07,18.42,32.04,85.51,31.28,25.64,31.25
02-Oct-18 10:00:00 AM EDT,57.18,37.26,61.18,20.26,49.44,62.02,36.8,19.16,38.95,57.07,47.21,65.29,25.26,31.6,25.7,31.25
02-Oct-18 10:30:00 AM EDT,62.15,56.34,61.18,20.68,49.44,62.02,36.8,19.38,38.95,57.07,48.56,65.29,21.38,32.18,25.7,31.25
02-Oct-18 11:00:00 AM EDT,62.1,55.59,61.18,20.73,49.44,32.93,36.8,19.38,38.95,57.07,50.83,38.07,22.29,76.44,25.7,31.25
02-Oct-18 11:30:00 AM EDT,32.1,16.88,61.18,20.68,49.44,46.93,36.8,19.38,38.95,57.07,52.12,65.39,34.46,99.89,25.64,31.25
02-Oct-18 12:00:00 PM EDT,31.82,16.77,61.18,20.57,49.44,46.93,36.8,19.38,38.95,57.07,51.55,34.35,49,90.16,25.64,31.25
02-Oct-18 12:30:00 PM EDT,45.58,62.1,61.18,20.57,49.44,46.93,36.8,19.38,38.95,57.07,52.32,20.71,24.29,90.43,25.64,31.25
02-Oct-18 1:00:00 PM EDT,72.54,61.88,61.18,19.53,49.44,46.93,36.8,19.16,38.95,57.07,52.12,22.97,24.56,90.37,25.59,47.65
02-Oct-18 1:30:00 PM EDT,72.71,62.47,61.18,19.53,49.44,40.63,42.63,19.27,38.95,57.07,52.32,22.97,21.43,90.11,32.4,51.51
02-Oct-18 2:00:00 PM EDT,39.83,61.29,61.18,20.16,49.44,40.63,35.16,19.16,38.95,57.07,52.22,65.65,22.19,90.64,32.4,51.51
02-Oct-18 2:30:00 PM EDT,45.41,62.53,61.18,42.19,49.44,40.63,35.16,19.16,44.4,18.78,52.06,50.24,22.4,90,32.4,51.51
02-Oct-18 3:00:00 PM EDT,55.19,18.98,61.18,42.09,49.44,40.63,35.16,19.33,44.4,19.04,52.01,50.24,22.02,89.26,32.4,51.51
02-Oct-18 3:30:00 PM EDT,64.25,18.98,61.18,51.23,49.44,40.63,44.68,19.22,44.4,18.94,52.12,54.48,39.53,90.37,32.4,51.51
02-Oct-18 4:00:00 PM EDT,42.65,35.48,61.18,50.23,49.44,40.63,31.99,19.16,44.4,18.94,52.17,54.48,31.83,65.96,32.4,27.34
02-Oct-18 4:30:00 PM EDT,42.27,74.46,61.18,71.44,49.44,40.63,16.99,19.38,44.4,18.78,50.93,54.48,41.14,64.41,32.4,27.34
02-Oct-18 5:00:00 PM EDT,42.98,73.17,61.18,71.85,49.44,37.25,16.94,19.16,44.4,18.83,51.08,64.08,33.44,65.69,32.4,27.34
02-Oct-18 5:30:00 PM EDT,42.87,74.78,61.18,71.85,49.44,37.25,17.14,19.16,44.4,19.2,46.34,64.08,33.66,65.74,32.4,27.34
02-Oct-18 6:00:00 PM EDT,34.25,16.61,61.18,66.79,49.44,37.25,17.09,19.38,44.4,19.2,45.25,64.24,33.87,65.32,32.4,27.34
02-Oct-18 6:30:00 PM EDT,67.24,17.1,61.18,65.38,49.44,37.25,17.09,19.38,44.4,19.15,46.18,64.24,33.23,98.24,32.4,27.34
02-Oct-18 7:00:00 PM EDT,30.83,17.04,61.18,19.48,49.44,37.25,16.99,19.38,44.4,18.99,45.05,64.24,33.82,81.7,32.4,27.34
02-Oct-18 7:30:00 PM EDT,30.88,17.2,61.18,18.96,49.44,37.25,17.09,19.38,44.4,19.15,34.26,26.85,33.82,81.97,32.4,27.34
02-Oct-18 8:00:00 PM EDT,31.22,17.26,61.18,19.27,49.44,37.25,17.09,19.38,44.4,18.99,33.8,26.53,33.87,83.4,32.4,27.34
02-Oct-18 8:30:00 PM EDT,30.83,16.56,61.18,18.49,49.44,37.25,17.09,19.38,44.4,19.15,33.75,26.53,33.39,83.67,32.4,27.34
02-Oct-18 9:00:00 PM EDT,31.1,17.1,61.18,18.8,49.44,37.25,17.09,19.16,44.4,18.99,34.26,26.53,33.87,83.35,32.4,27.34
02-Oct-18 9:30:00 PM EDT,30.66,17.15,61.18,19.58,49.44,37.25,17.09,19.16,44.4,19.1,33.95,28,33.6,82.45,32.4,27.34
02-Oct-18 10:00:00 PM EDT,30.44,16.99,61.18,19.16,49.44,37.25,17.04,19.16,44.4,19.1,34.16,56.9,33.71,83.56,32.4,27.34
02-Oct-18 10:30:00 PM EDT,30.99,17.1,61.18,19.43,49.44,37.25,17.09,19.38,44.4,19.2,34.37,56.9,32.85,83.51,32.4,27.34
02-Oct-18 11:00:00 PM EDT,29.78,16.99,61.18,19.43,49.44,37.25,17.04,19.38,44.4,19.2,34.26,56.9,33.66,83.56,32.4,27.34
02-Oct-18 11:30:00 PM EDT,30.99,17.2,61.18,19.16,49.44,37.25,16.89,19.16,44.4,19.15,33.85,56.9,33.17,83.09,32.4,27.34
03-Oct-18 12:00:00 AM EDT,31.05,17.1,61.18,19.53,49.44,37.25,16.89,19.38,44.4,19.2,34.42,64.29,33.87,82.93,32.4,27.34
03-Oct-18 12:30:00 AM EDT,30.39,17.26,61.18,19.43,49.44,37.25,17.09,19.16,44.4,19.15,34.26,64.29,33.93,83.67,32.4,27.34
03-Oct-18 1:00:00 AM EDT,30.94,17.2,61.18,19.48,49.44,37.25,16.89,19.38,44.4,19.15,34.26,22.76,33.98,83.67,32.4,27.34
03-Oct-18 1:30:00 AM EDT,31.1,16.56,61.18,18.8,49.44,37.25,17.09,19.16,44.4,19.2,33.9,22.76,33.44,83.03,32.4,27.34
03-Oct-18 2:00:00 AM EDT,30.88,17.15,61.18,19.48,49.44,37.25,16.89,19.38,44.4,19.15,34.26,22.76,33.66,82.29,32.4,27.34
03-Oct-18 2:30:00 AM EDT,31.1,17.15,61.18,19.53,49.44,37.25,17.09,19.38,44.4,19.15,34.31,22.76,33.06,82.39,32.4,27.34
03-Oct-18 3:00:00 AM EDT,30.88,16.72,61.18,19.53,49.44,37.25,16.89,19.16,44.4,19.15,34.37,22.76,33.93,83.62,32.4,27.34
03-Oct-18 3:30:00 AM EDT,30.11,16.45,61.18,19.43,49.44,37.25,17.09,19.16,44.4,18.99,33.59,22.76,34.03,83.72,32.4,27.34
03-Oct-18 4:00:00 AM EDT,30.83,17.1,61.18,19.37,49.44,37.25,17.09,19.38,44.4,19.2,33.08,22.76,33.55,82.98,32.4,27.34
03-Oct-18 4:30:00 AM EDT,30.94,16.61,61.18,18.85,49.44,37.25,17.09,19.38,44.4,18.99,33.18,22.76,32.53,83.4,32.4,27.34
03-Oct-18 5:00:00 AM EDT,29.83,17.04,61.18,18.33,49.44,37.25,16.94,19.38,44.4,19.2,33.13,22.76,33.93,83.35,32.4,27.34
03-Oct-18 5:30:00 AM EDT,30.61,17.15,61.18,19.58,49.44,37.25,16.94,19.38,44.4,18.99,33.18,22.76,34.03,83.51,32.4,27.34
03-Oct-18 6:00:00 AM EDT,31.05,17.15,61.18,18.49,49.44,37.25,16.99,19.38,44.4,19.15,34.21,22.76,33.98,81.76,32.4,27.34
03-Oct-18 6:30:00 AM EDT,30.88,17.2,61.18,19.37,49.44,37.25,16.99,19.38,44.4,18.99,34.26,22.76,33.23,81.81,32.4,27.34
03-Oct-18 7:00:00 AM EDT,30.99,16.56,61.18,19.37,49.44,37.25,17.09,19.16,44.4,19.2,34.16,22.76,33.33,83.4,32.4,27.34
03-Oct-18 7:30:00 AM EDT,30.94,17.15,61.18,19.11,49.44,37.25,16.99,19.38,44.4,19.15,33.9,22.76,33.76,82.93,32.4,27.34
03-Oct-18 8:00:00 AM EDT,30.66,16.94,61.18,19.58,49.44,37.25,17.04,19.38,44.4,19.15,51.7,22.76,33.76,100,32.4,27.34
03-Oct-18 8:30:00 AM EDT,52.65,16.51,61.18,19.37,49.44,37.25,17.04,19.22,44.4,18.94,57.38,43.16,33.6,88.24,32.4,27.34
03-Oct-18 9:00:00 AM EDT,51.77,16.72,61.18,19.37,49.44,37.25,16.84,37.42,44.4,18.99,55.62,43.16,33.71,89.57,32.4,27.34
03-Oct-18 9:30:00 AM EDT,37.46,42.1,61.18,19.06,49.44,37.25,17.09,37.42,44.4,19.15,57.02,43.16,33.55,89.52,32.4,27.34
03-Oct-18 10:00:00 AM EDT,57.35,44.09,61.18,20.78,49.44,49.38,17.09,37.42,44.4,18.99,57.28,43.16,33.98,88.46,32.4,27.34
03-Oct-18 10:30:00 AM EDT,33.37,57.63,61.18,45.33,49.44,43.29,16.99,37.42,44.4,18.94,57.33,65.5,33.28,100,32.4,27.34
03-Oct-18 11:00:00 AM EDT,32.87,76.51,61.18,45.54,49.44,43.29,17.09,37.42,51.51,33.88,57.33,65.5,32.9,99.26,32.4,27.34
03-Oct-18 11:30:00 AM EDT,39.34,44.95,61.18,45.12,49.44,43.29,16.94,37.42,51.51,33.78,57.12,49.45,46.31,98.72,35.19,40.61
03-Oct-18 12:00:00 PM EDT,39.72,44.78,61.18,45.22,49.44,43.29,16.94,37.42,51.51,34.26,57.02,60.41,44.32,97.98,42.33,40.61
03-Oct-18 12:30:00 PM EDT,39.78,44.57,61.18,45.85,49.44,43.29,17.04,37.42,34.91,34.2,57.17,60.41,45.45,99.73,42.33,40.61
03-Oct-18 1:00:00 PM EDT,60.94,44.78,61.18,45.33,49.44,43.29,16.89,37.42,34.91,34.26,57.22,54.59,44.75,98.35,30.63,40.61
03-Oct-18 1:30:00 PM EDT,60.39,59.89,61.18,45.38,49.44,18.05,16.89,37.42,34.91,33.78,57.12,54.59,45.88,99.47,30.63,40.61
03-Oct-18 2:00:00 PM EDT,61.66,60.16,55.07,62.04,49.44,17.85,16.89,37.42,34.91,34.2,56.04,58.15,45.56,100,30.58,40.61
03-Oct-18 2:30:00 PM EDT,62.32,60.27,55.07,60.78,49.44,15.97,16.89,37.42,34.91,34.15,55.83,58.15,42.43,99.84,30.58,40.61
03-Oct-18 3:00:00 PM EDT,61.99,59.89,55.07,62.19,49.44,15.97,17.09,37.42,34.91,33.78,56.4,58.15,29.29,98.24,50.97,40.61
03-Oct-18 3:30:00 PM EDT,59.06,60,55.07,63.29,49.44,15.97,17.09,37.42,34.91,33.78,56.91,58.15,56.65,100,50.97,40.61
03-Oct-18 4:00:00 PM EDT,60.33,60.22,60.7,62.04,49.44,15.97,16.89,37.42,34.91,33.78,57.17,58.15,62.57,100,27.25,40.61
03-Oct-18 4:30:00 PM EDT,55.36,59.57,51.73,62.35,49.44,15.92,17.09,37.42,34.91,34.26,57.22,63.45,62.52,98.19,27.25,40.61
03-Oct-18 5:00:00 PM EDT,39.28,77.47,51.73,62.35,49.44,16.08,17.09,37.42,34.91,34.26,56.24,63.45,59.13,34.52,29.24,40.61
03-Oct-18 5:30:00 PM EDT,41.6,75.59,38.82,62.72,49.44,24.56,17.09,37.42,34.91,34.2,57.12,63.45,23.16,34.68,29.56,40.61
03-Oct-18 6:00:00 PM EDT,41.77,77.37,38.77,62.82,49.44,24.56,17.04,37.42,34.91,34.1,56.71,21.03,23.32,34.79,29.51,40.61
03-Oct-18 6:30:00 PM EDT,20.06,13.82,38.77,62.56,49.44,24.56,17.04,37.42,34.91,34.1,56.86,20.77,22.94,34.47,29.56,40.61
03-Oct-18 7:00:00 PM EDT,19.78,13.71,38.77,60.73,49.44,24.56,17.09,37.42,34.91,34.2,55.62,20.98,23.37,34.1,29.56,40.61
03-Oct-18 7:30:00 PM EDT,19.78,13.87,38.77,61.72,49.44,24.56,17.09,37.42,34.91,34.2,20.64,20.77,22.99,34.89,29.45,40.61
03-Oct-18 8:00:00 PM EDT,20.39,14.25,38.77,62.72,49.44,24.56,17.09,37.42,34.91,34.2,19.97,20.92,23.86,34.47,29.45,40.61
03-Oct-18 8:30:00 PM EDT,20.55,14.14,38.77,62.87,49.44,24.3,16.89,37.42,34.91,34.2,20.85,21.71,23.64,34.41,29.45,40.61
03-Oct-18 9:00:00 PM EDT,20.72,14.14,38.77,61.67,49.44,24.3,17.09,37.53,34.91,34.2,20.64,21.71,23.59,34.68,29.45,40.61
03-Oct-18 9:30:00 PM EDT,20.44,14.3,38.77,63.13,49.44,24.3,16.89,37.53,34.91,34.2,20.79,21.71,22.99,34.26,29.45,40.61
03-Oct-18 10:00:00 PM EDT,20.72,13.92,38.77,62.82,49.44,24.56,16.89,37.53,34.91,34.2,20.54,21.71,23.53,34.73,29.45,40.61
03-Oct-18 10:30:00 PM EDT,20.66,14.14,38.77,63.03,49.44,24.3,16.89,37.53,34.91,34.2,20.43,21.71,23.69,34.41,29.45,40.61
03-Oct-18 11:00:00 PM EDT,20.39,14.19,38.77,61.88,49.44,24.3,17.09,37.53,34.91,34.26,20.85,64.39,23.26,35,29.45,40.61
03-Oct-18 11:30:00 PM EDT,20.55,14.19,38.77,60.42,49.44,24.56,16.89,37.53,34.91,34.26,20.74,27.69,23.1,34.84,29.45,40.61
04-Oct-18 12:00:00 AM EDT,20.77,14.25,38.77,62.82,49.44,24.3,16.89,37.53,34.91,34.26,20.12,27.37,23.05,34.73,29.45,40.61
04-Oct-18 12:30:00 AM EDT,20.66,14.14,38.77,63.03,49.44,24.56,16.94,37.53,34.91,34.26,20.07,27.37,23.8,34.84,29.45,40.61
04-Oct-18 1:00:00 AM EDT,20.77,13.76,38.77,63.08,49.44,24.3,16.94,37.53,34.91,34.26,20.33,27.37,23.8,34.63,29.45,40.61
04-Oct-18 1:30:00 AM EDT,20.66,13.82,38.77,62.98,49.44,24.3,17.09,37.53,34.91,34.26,20.74,27.37,23.53,34.52,29.45,40.61
04-Oct-18 2:00:00 AM EDT,20.66,14.14,38.77,63.08,49.44,24.3,17.09,37.53,34.91,34.26,20.74,62.61,23.86,34.79,29.45,40.61
04-Oct-18 2:30:00 AM EDT,20.22,14.19,38.77,62.82,49.44,24.3,16.89,37.53,34.91,21.01,20.59,28.79,23.53,34.89,29.45,40.61
04-Oct-18 3:00:00 AM EDT,20.72,14.25,38.77,60.52,49.44,24.56,17.04,37.53,34.91,21.01,20.28,28.79,23.96,34.68,29.45,40.61
04-Oct-18 3:30:00 AM EDT,20,14.25,38.77,63.24,49.44,24.3,17.04,37.53,34.91,20.8,20.79,28.79,23.48,34.52,29.45,40.61
04-Oct-18 4:00:00 AM EDT,20.11,14.19,38.77,60.57,49.44,24.3,16.89,37.53,34.91,20.96,20.79,28.79,23.69,34.31,29.45,40.61
04-Oct-18 4:30:00 AM EDT,20.66,14.25,38.77,62.92,49.44,24.3,16.89,37.53,34.91,21.01,20.07,28.79,23.96,34.79,29.45,40.61
04-Oct-18 5:00:00 AM EDT,19.89,13.71,38.77,62.77,49.44,24.3,17.09,37.53,34.91,20.96,20.59,28.79,23.8,34.31,29.45,40.61
04-Oct-18 5:30:00 AM EDT,20.66,14.25,38.77,60.47,49.44,24.3,16.89,37.53,34.91,20.96,20.12,28.79,23.64,34.68,29.45,40.61
04-Oct-18 6:00:00 AM EDT,20.39,14.09,38.77,62.77,49.44,24.3,17.09,37.53,34.91,21.01,20.79,28.79,23.64,34.95,29.45,40.61
04-Oct-18 6:30:00 AM EDT,20.22,13.92,38.77,61.98,49.44,24.3,16.89,37.53,34.91,21.01,20.64,28.79,23.59,34.63,29.45,40.61
04-Oct-18 7:00:00 AM EDT,20.22,14.03,38.77,62.87,49.44,24.3,17.04,37.53,34.91,21.01,20.69,28.68,23.32,34.63,29.45,40.61
04-Oct-18 7:30:00 AM EDT,20.72,13.6,38.77,62.61,49.44,24.3,16.99,37.53,34.91,21.01,20.69,28.68,22.83,34.1,29.51,40.61
04-Oct-18 8:00:00 AM EDT,20.66,13.98,38.77,63.19,49.44,24.3,16.94,37.53,34.91,20.8,20.38,28.68,23.48,34.84,29.51,40.61
04-Oct-18 8:30:00 AM EDT,40.55,14.19,38.77,62.82,49.44,24.3,16.94,37.53,34.91,20.96,20.59,28.68,23.64,34.2,29.51,40.61
04-Oct-18 9:00:00 AM EDT,39.78,13.66,50.72,60,49.44,24.3,16.89,37.53,34.91,20.96,19.97,60.72,23.69,34.68,29.51,40.61
04-Oct-18 9:30:00 AM EDT,58.29,24.68,50.72,62.56,49.44,24.3,16.89,37.53,34.91,20.85,20.74,60.72,23.8,34.2,29.45,40.61
04-Oct-18 10:00:00 AM EDT,57.57,24.73,47.64,63.08,49.44,24.3,17.09,37.53,34.91,20.96,20.02,62.45,22.94,34.79,29.51,40.61
04-Oct-18 10:30:00 AM EDT,58.34,41.72,47.64,63.34,49.44,24.35,16.89,37.53,34.91,20.96,20.12,65.92,27.79,34.63,29.94,40.61
04-Oct-18 11:00:00 AM EDT,38.29,46.08,47.64,60.89,49.44,24.61,17.09,37.53,34.91,20.8,20.74,65.92,58.75,34.68,29.88,40.61
04-Oct-18 11:30:00 AM EDT,40.5,46.24,47.64,60.78,49.44,24.35,16.89,37.53,34.91,20.96,20.64,65.92,30.69,34.15,28.76,40.61
04-Oct-18 12:00:00 PM EDT,38.23,45.27,47.64,62.87,49.44,24.56,16.89,37.53,34.91,20.53,58.05,65.92,35.7,34.63,27.41,40.61
04-Oct-18 12:30:00 PM EDT,38.07,46.51,39.72,62.19,49.44,24.56,17.04,37.53,34.91,20.96,57.28,65.92,35.81,33.99,27.41,40.61
04-Oct-18 1:00:00 PM EDT,28.18,75.38,39.72,59.79,49.44,24.56,17.04,37.53,34.91,21.01,57.12,65.92,34.36,34.79,27.41,40.61
04-Oct-18 1:30:00 PM EDT,29.56,76.61,39.72,63.08,49.44,24.56,16.99,68.15,34.91,20.96,56.3,65.92,35.6,70.64,27.31,40.61
04-Oct-18 2:00:00 PM EDT,29.61,76.18,55.07,61.98,49.44,24.56,16.89,68.15,34.91,20.96,57.33,65.92,57.3,69.36,27.31,40.61
04-Oct-18 2:30:00 PM EDT,29.01,75,55.07,62.61,49.44,24.56,17.09,68.15,34.91,20.85,58.1,65.92,55.04,70.69,27.36,40.61
04-Oct-18 3:00:00 PM EDT,43.54,76.51,55.07,61.41,49.44,24.56,17.09,68.15,34.91,20.85,57.84,65.92,52.93,70,27.41,39.24
04-Oct-18 3:30:00 PM EDT,43.31,75.32,55.07,61.93,49.44,24.56,16.94,68.15,34.91,20.96,58,65.92,55.79,99.84,27.36,39.24
04-Oct-18 4:00:00 PM EDT,43.26,76.56,55.07,62.66,49.44,24.56,16.94,68.15,34.91,21.01,56.76,56.74,54.77,98.3,37.88,39.24
04-Oct-18 4:30:00 PM EDT,43.37,76.24,55.07,62.61,49.44,24.51,16.99,68.15,34.91,20.74,57.79,56.74,49.92,98.62,37.88,39.24
04-Oct-18 5:00:00 PM EDT,43.54,76.56,55.07,61.41,49.44,24.51,16.94,68.15,34.91,20.96,57.89,56.74,58.59,53.99,37.88,39.24
04-Oct-18 5:30:00 PM EDT,43.26,75.59,55.07,61.25,49.44,24.51,16.94,46.15,34.91,20.96,56.81,56.74,59.07,53.09,37.88,39.24
04-Oct-18 6:00:00 PM EDT,30.88,56.72,37.39,62.87,49.44,24.51,16.94,46.15,34.91,20.8,20.59,56.74,28.06,54.04,37.88,39.24
04-Oct-18 6:30:00 PM EDT,30,57.96,37.39,60.52,49.44,24.51,16.94,46.15,34.91,20.96,20.54,56.74,29.24,53.62,22.05,39.24
04-Oct-18 7:00:00 PM EDT,66.02,58.06,37.39,62.72,49.44,24.51,17.09,46.15,34.91,20.8,19.92,56.74,29.29,54.57,22.05,39.24
04-Oct-18 7:30:00 PM EDT,21.93,56.77,37.39,61.57,49.44,24.51,17.09,46.15,34.91,21.01,20.38,56.74,29.24,53.72,22.05,39.24
04-Oct-18 8:00:00 PM EDT,22.04,58.01,37.39,62.87,49.44,24.51,17.09,46.15,34.91,20.74,20.43,56.74,29.24,53.67,22.05,39.24
04-Oct-18 8:30:00 PM EDT,22.1,58.12,37.39,62.77,49.44,24.51,17.04,46.15,34.91,20.74,20.28,24.96,29.29,54.57,22.05,39.24
04-Oct-18 9:00:00 PM EDT,22.1,57.15,37.39,63.19,49.44,24.51,17.04,46.15,34.91,20.53,20.23,24.96,29.29,54.63,22.05,39.24
04-Oct-18 9:30:00 PM EDT,22.1,58.28,37.39,62.72,49.44,24.51,17.04,46.15,34.91,21.01,20.12,24.96,28.33,54.63,22.05,39.24
04-Oct-18 10:00:00 PM EDT,21.99,57.53,37.39,62.98,49.44,24.51,16.89,46.15,34.91,20.74,20.49,24.96,29.13,53.51,22.05,39.24
04-Oct-18 10:30:00 PM EDT,22.15,57.15,37.39,62.35,49.44,24.51,17.09,46.15,34.91,20.96,20.33,24.96,28.43,54.31,22.05,39.24
04-Oct-18 11:00:00 PM EDT,22.04,57.1,37.39,60.26,49.44,24.51,17.04,46.15,34.91,21.01,20.49,24.96,28.27,53.35,22.05,39.24
04-Oct-18 11:30:00 PM EDT,21.1,56.56,37.39,62.56,49.44,24.51,17.04,46.15,34.91,20.96,20.33,24.96,29.08,53.24,22.05,39.24
05-Oct-18 12:00:00 AM EDT,21.93,57.8,37.39,62.87,49.44,24.51,17.04,46.15,34.91,20.8,20.59,24.96,29.19,53.14,22.05,39.24
05-Oct-18 12:30:00 AM EDT,21.88,58.06,37.39,61.51,49.44,24.51,17.04,46.15,34.91,20.96,19.76,24.96,28.81,54.1,22.05,39.24
05-Oct-18 1:00:00 AM EDT,21.71,57.74,37.39,62.77,49.44,24.51,16.99,46.15,34.91,21.01,19.71,24.86,29.35,54.68,22.05,39.24
05-Oct-18 1:30:00 AM EDT,21.99,58.23,37.39,62.4,49.44,24.51,16.89,46.15,34.91,20.96,20.64,24.86,29.29,54.57,22.05,39.24
05-Oct-18 2:00:00 AM EDT,21.77,56.56,37.39,62.56,49.44,24.51,17.09,46.15,34.91,20.96,20.43,24.86,29.13,53.72,22.16,39.24
05-Oct-18 2:30:00 AM EDT,21.93,56.77,37.39,61.15,49.44,24.51,16.89,46.15,34.91,20.85,19.81,22.08,29.24,53.67,22.16,39.24
05-Oct-18 3:00:00 AM EDT,22.1,57.2,37.39,62.82,49.44,24.51,17.09,46.15,34.91,20.85,20.38,22.08,29.4,54.31,22.1,39.24
05-Oct-18 3:30:00 AM EDT,21.99,56.94,37.39,60.63,49.44,24.51,17.04,46.15,34.91,20.85,19.66,22.08,28.86,54.57,22.1,39.24
05-Oct-18 4:00:00 AM EDT,22.04,57.58,37.39,62.92,49.44,24.51,16.99,46.15,34.91,20.85,20.43,22.08,29.19,54.41,22.1,39.24
05-Oct-18 4:30:00 AM EDT,21.93,56.56,37.39,62.19,49.44,24.51,17.04,46.15,34.91,20.85,20.49,22.08,29.08,54.52,22.1,39.24
05-Oct-18 5:00:00 AM EDT,21.77,58.17,37.39,60.78,49.44,24.51,17.04,46.15,34.91,20.85,19.76,22.08,29.51,54.41,22.1,39.24
05-Oct-18 5:30:00 AM EDT,21.88,57.8,37.39,62.98,49.44,24.51,16.99,46.15,34.91,20.85,20.43,22.08,29.4,54.57,22.1,39.24
05-Oct-18 6:00:00 AM EDT,21.99,57.85,37.39,62.92,49.44,24.51,17.04,46.15,34.91,20.85,19.97,22.08,28.65,53.19,22.1,39.24
05-Oct-18 6:30:00 AM EDT,21.99,56.61,37.39,62.56,49.44,24.51,16.89,46.15,34.91,20.85,20.23,21.81,28.27,54.26,22.1,39.24
05-Oct-18 7:00:00 AM EDT,21.1,57.96,37.39,62.04,49.44,24.51,16.89,46.15,34.91,20.85,20.43,21.81,28.38,53.83,22.1,39.24
05-Oct-18 7:30:00 AM EDT,21.16,57.96,37.39,62.66,49.44,24.51,17.09,46.15,34.91,20.85,20.33,21.81,29.24,54.41,22.16,39.24
05-Oct-18 8:00:00 AM EDT,22.1,56.61,53.21,60.89,49.44,24.51,17.09,46.15,34.91,20.85,20.49,40.48,29.19,54.2,22.16,39.24
05-Oct-18 8:30:00 AM EDT,49.89,56.83,63.46,61.72,49.44,24.51,17.09,46.15,34.91,21.01,19.81,40.48,28.86,55.37,22.05,39.24
05-Oct-18 9:00:00 AM EDT,54.59,57.96,63.46,62.51,49.44,24.56,17.09,46.15,34.91,20.96,20.59,40.48,29.19,55.8,22.16,39.24
05-Oct-18 9:30:00 AM EDT,63.37,68.12,63.46,63.34,49.44,56.61,16.99,46.15,34.91,20.8,19.76,40.48,58.32,96.86,22.05,39.24
05-Oct-18 10:00:00 AM EDT,60.28,67.47,63.46,62.87,64.72,66.81,17.04,62.9,34.91,20.8,51.39,39.8,24.61,98.4,48.77,39.24
05-Oct-18 10:30:00 AM EDT,29.06,68.23,63.46,60.73,84.87,49.22,73.95,62.9,34.91,20.74,56.19,64.97,23.91,98.67,48.77,39.24
05-Oct-18 11:00:00 AM EDT,33.65,67.26,63.46,60.26,84.87,66.02,73.95,92.56,34.91,20.96,52.84,66.39,23.8,97.71,48.77,39.24
05-Oct-18 11:30:00 AM EDT,27.35,69.19,63.46,62.66,84.87,66.02,73.95,92.56,34.91,20.8,52.94,66.39,35.11,98.83,48.77,39.24
05-Oct-18 12:00:00 PM EDT,28.12,67.1,63.46,61.67,87.13,66.02,87.15,92.56,34.91,20.74,54.7,66.28,6.73,98.51,44.74,39.24
05-Oct-18 12:30:00 PM EDT,27.46,65.32,57.36,62.92,87.13,38.76,87.15,92.56,34.91,20.74,56.45,25.59,34.3,67.29,61.8,39.24
05-Oct-18 1:00:00 PM EDT,35.97,64.73,57.36,60.26,87.13,38.76,87.15,92.56,34.91,20.8,55.47,63.29,46.47,68.09,20.17,39.24
05-Oct-18 1:30:00 PM EDT,43.09,63.55,57.36,38.96,87.13,38.76,87.15,92.56,34.91,20.8,55.73,66.07,17.77,68.94,40.08,39.24
05-Oct-18 2:00:00 PM EDT,56.24,65.43,57.36,39.11,87.13,38.81,6.65,24.73,34.91,20.96,56.6,66.07,17.34,68.62,38.3,39.24
05-Oct-18 2:30:00 PM EDT,66.08,65.38,57.36,39.01,87.13,25.03,6.55,24.73,34.91,20.85,57.12,66.07,17.23,68.72,38.3,39.24
05-Oct-18 3:00:00 PM EDT,20.11,65,57.36,38.96,87.13,25.03,6.7,24.73,34.91,20.74,57.59,63.29,17.45,68.83,20.23,39.24
05-Oct-18 3:30:00 PM EDT,67.35,63.87,57.36,38.33,87.13,25.03,6.7,24.73,34.91,20.96,57.69,66.07,16.96,67.98,21.19,39.24
05-Oct-18 4:00:00 PM EDT,67.96,65.32,59.59,39.16,87.13,25.03,6.65,24.73,34.91,20.96,57.89,66.07,23.05,68.56,40.67,39.24
05-Oct-18 4:30:00 PM EDT,68.4,64.84,59.59,38.28,84.51,33.09,6.55,24.73,34.91,20.96,56.19,63.03,23.59,96.33,40.67,39.24
05-Oct-18 5:00:00 PM EDT,67.68,43.17,59.59,44.86,84.51,33.87,6.7,34.15,34.91,20.9,56.66,32.77,33.33,96.22,40.67,20.2
05-Oct-18 5:30:00 PM EDT,56.08,42.69,45.83,44.65,84.51,34.24,6.65,34.15,34.91,20.85,57.95,33.4,33.98,86.49,40.67,19.99
05-Oct-18 6:00:00 PM EDT,55.19,43.33,40.31,44.33,8,34.24,6.7,34.15,34.91,21.01,57.69,27.43,34.79,51.7,30.58,19.99
05-Oct-18 6:30:00 PM EDT,48.78,43.49,40.31,44.54,8.15,34.24,6.7,34.15,34.91,20.96,57.74,31.83,14.75,51.38,27.74,19.99
05-Oct-18 7:00:00 PM EDT,47.85,42.69,39.88,43.19,8.05,34.24,6.6,34.15,34.91,21.01,57.79,64.55,14.97,52.66,27.74,19.99
05-Oct-18 7:30:00 PM EDT,48.78,43.06,39.88,44.7,7.9,34.24,6.76,34.15,34.91,20.96,57.17,64.55,15.13,52.93,27.74,19.99
05-Oct-18 8:00:00 PM EDT,49.5,42.37,39.88,43.97,7.85,34.24,6.65,34.15,34.91,20.96,57.69,64.55,15.4,52.87,27.74,19.99
05-Oct-18 8:30:00 PM EDT,49.56,43.55,39.88,44.44,7.95,34.24,6.7,34.15,34.91,20.96,57.48,64.55,14.92,52.98,27.74,19.99
05-Oct-18 9:00:00 PM EDT,48.29,42.2,39.88,44.28,8,34.24,6.6,34.15,34.91,20.96,56.3,64.55,14.59,52.07,27.74,19.99
05-Oct-18 9:30:00 PM EDT,48.12,43.39,39.88,44.7,8,34.24,6.65,34.15,34.91,20.8,20.74,23.44,15.4,52.87,27.74,19.99
05-Oct-18 10:00:00 PM EDT,47.9,43.49,39.88,44.7,7.79,34.24,6.65,34.15,34.91,20.8,21.05,23.44,15.19,53.03,27.74,19.99
05-Oct-18 10:30:00 PM EDT,49.34,43.39,39.88,44.7,7.95,34.24,6.7,34.15,34.91,20.96,20.79,23.44,14.81,52.66,27.74,19.99
05-Oct-18 11:00:00 PM EDT,48.9,43.33,39.88,44.65,7.9,34.24,6.7,34.15,34.91,20.96,20.28,23.44,15.19,52.82,27.74,19.99
05-Oct-18 11:30:00 PM EDT,48.56,43.39,39.88,42.82,7.95,34.24,6.7,34.15,34.91,20.96,20.74,23.44,15.4,52.29,27.74,19.99
06-Oct-18 12:00:00 AM EDT,48.95,42.63,39.88,43.71,7.95,34.24,6.7,34.15,34.91,20.96,20.28,23.54,15.29,52.66,27.74,19.99
06-Oct-18 12:30:00 AM EDT,48.62,42.42,39.88,43.55,7.9,34.24,6.7,34.15,34.91,20.96,20.95,23.54,14.81,52.93,27.74,19.99
06-Oct-18 1:00:00 AM EDT,48.95,42.63,39.88,44.6,7.9,34.24,6.6,34.15,34.91,20.9,20.23,23.54,14.65,52.55,27.74,19.99
06-Oct-18 1:30:00 AM EDT,49.39,43.44,39.88,44.39,7.9,34.24,6.7,34.15,34.91,20.96,20.95,23.54,15.13,52.77,27.74,19.99
06-Oct-18 2:00:00 AM EDT,47.79,43.49,39.88,44.23,7.79,34.24,6.7,34.15,34.91,20.96,20.59,23.54,15.35,51.76,27.74,19.99
06-Oct-18 2:30:00 AM EDT,49.39,43.44,39.88,44.75,7.79,34.24,6.55,34.15,34.91,20.8,20.64,23.54,15.4,52.07,27.68,19.99
06-Oct-18 3:00:00 AM EDT,49.23,42.26,39.88,44.75,7.9,34.24,6.7,34.15,34.91,20.74,20.95,23.54,15.13,51.54,27.68,19.99
06-Oct-18 3:30:00 AM EDT,48.45,42.15,39.88,44.8,7.9,34.24,6.65,34.15,34.91,20.96,21,23.54,15.29,52.77,27.68,19.99
06-Oct-18 4:00:00 AM EDT,49.28,43.01,39.88,43.34,7.9,34.24,6.76,34.15,34.91,20.74,20.23,23.54,15.08,52.07,27.68,19.99
06-Oct-18 4:30:00 AM EDT,49.39,43.28,39.88,44.33,7.9,34.24,6.7,34.15,34.91,20.96,20.79,23.54,14.75,53.03,27.68,19.99
06-Oct-18 5:00:00 AM EDT,49.39,43.55,39.88,44.33,7.9,34.24,6.7,34.15,34.91,20.96,20.69,23.54,15.35,52.87,27.68,19.99
06-Oct-18 5:30:00 AM EDT,48.07,43.06,39.88,44.75,7.9,34.24,6.7,34.15,34.91,20.96,20.9,23.54,15.35,52.77,27.68,19.99
06-Oct-18 6:00:00 AM EDT,49.61,43.49,39.88,44.28,7.95,34.24,6.7,34.15,34.91,20.96,20.54,23.54,15.35,52.93,27.68,19.99
06-Oct-18 6:30:00 AM EDT,48.29,43.55,39.88,44.75,7.74,34.24,6.65,34.15,34.91,20.74,20.28,23.54,15.35,52.02,27.68,19.99
06-Oct-18 7:00:00 AM EDT,49.45,43.28,39.88,44.18,7.9,34.24,6.7,34.15,34.91,20.74,20.18,23.54,15.24,51.86,27.68,19.99
06-Oct-18 7:30:00 AM EDT,49.23,43.49,39.88,44.49,7.74,34.24,6.5,34.15,34.91,20.96,20.74,23.54,14.97,52.87,27.68,19.99
06-Oct-18 8:00:00 AM EDT,49.28,43.01,39.88,44.6,7.79,34.24,6.7,34.15,34.91,20.96,20.74,23.54,14.65,52.29,27.68,19.99
06-Oct-18 8:30:00 AM EDT,49.23,43.28,39.88,44.7,7.9,34.24,6.7,34.15,34.91,20.96,21,23.54,15.4,51.81,27.68,19.99
06-Oct-18 9:00:00 AM EDT,48.56,42.42,39.88,44.86,7.74,34.24,6.65,34.15,34.91,20.96,20.12,23.54,14.86,52.82,27.68,19.99
06-Oct-18 9:30:00 AM EDT,48.07,43.39,39.88,44.6,7.9,34.24,6.65,34.15,34.91,20.96,20.54,23.54,15.19,51.86,27.68,19.99
06-Oct-18 10:00:00 AM EDT,49.06,43.28,39.88,44.54,7.9,34.24,6.7,34.15,34.91,21.01,20.9,23.54,15.08,52.5,27.68,19.99
06-Oct-18 10:30:00 AM EDT,47.96,42.96,39.88,44.49,7.85,34.24,6.7,34.15,34.91,20.96,21,23.54,15.4,52.61,27.68,19.99
06-Oct-18 11:00:00 AM EDT,49.06,43.28,39.88,44.6,7.9,34.24,6.55,34.15,34.91,20.9,20.59,23.54,15.29,52.45,27.68,19.99
06-Oct-18 11:30:00 AM EDT,48.51,43.44,39.88,42.35,7.9,34.24,6.65,34.15,34.91,20.9,20.74,23.54,15.35,51.76,27.68,19.99
06-Oct-18 12:00:00 PM EDT,53.92,43.28,39.88,44.7,7.69,34.24,6.65,34.15,34.91,20.9,20.74,23.54,14.65,52.45,27.68,19.99
06-Oct-18 12:30:00 PM EDT,54.25,43.28,39.88,45.64,7.85,34.24,6.6,34.15,34.91,20.74,20.95,23.54,14.81,52.34,27.68,19.99
06-Oct-18 1:00:00 PM EDT,37.02,42.04,39.88,45.48,7.85,34.24,6.6,34.15,34.91,20.96,20.12,23.54,15.19,52.87,27.68,19.99
06-Oct-18 1:30:00 PM EDT,53.92,43.33,39.88,45.43,7.85,34.24,6.6,34.15,34.91,20.74,20.49,23.54,15.46,52.61,27.74,19.99
06-Oct-18 2:00:00 PM EDT,52.1,43.12,39.88,45.54,7.9,34.24,6.7,34.15,34.91,20.96,20.64,23.54,15.29,52.82,27.74,19.99
06-Oct-18 2:30:00 PM EDT,36.91,43.28,39.88,45.64,7.85,34.24,6.7,34.15,34.91,21.01,20.59,23.54,15.24,51.76,27.74,19.99
06-Oct-18 3:00:00 PM EDT,36.35,42.85,39.88,45.38,7.9,34.24,6.5,34.15,34.91,20.96,20.18,23.54,15.35,51.7,27.74,19.99
06-Oct-18 3:30:00 PM EDT,67.29,42.69,39.88,45.12,7.69,34.24,6.6,34.1,34.91,20.74,20.33,23.54,15.29,52.55,27.74,19.99
06-Oct-18 4:00:00 PM EDT,37.24,43.44,39.88,45.59,7.79,34.24,6.65,34.1,34.91,20.8,20.49,23.54,15.08,51.91,27.74,19.99
06-Oct-18 4:30:00 PM EDT,37.73,42.96,39.88,45.54,7.85,34.24,6.7,34.1,34.91,20.96,20.18,23.54,15.08,52.39,27.74,19.99
06-Oct-18 5:00:00 PM EDT,37.68,43.44,39.88,45.54,7.85,34.24,6.55,34.1,34.91,20.96,20.38,23.54,15.29,52.77,27.74,19.99
06-Oct-18 5:30:00 PM EDT,34.64,43.39,39.88,45.17,7.85,34.24,6.7,34.1,34.91,20.96,20.43,23.54,15.4,52.66,27.74,19.99
06-Oct-18 6:00:00 PM EDT,34.97,43.12,61.76,45.17,7.85,34.24,6.7,34.1,34.91,20.96,20.69,23.54,15.24,52.87,27.74,19.99
06-Oct-18 6:30:00 PM EDT,35.08,43.23,65.85,45.48,7.69,34.24,6.65,34.1,34.91,21.01,20.85,23.54,14.54,52.34,27.74,19.99
06-Oct-18 7:00:00 PM EDT,34.97,42.15,65.85,44.6,7.79,34.24,6.7,34.1,34.91,20.74,20.85,23.54,15.24,52.66,27.74,19.99
06-Oct-18 7:30:00 PM EDT,34.59,43.23,44.03,45.01,7.85,34.24,6.65,34.1,34.91,20.96,20.95,23.54,15.46,52.87,27.74,19.99
06-Oct-18 8:00:00 PM EDT,34.7,43.33,44.03,44.28,7.69,34.24,6.7,34.1,34.91,20.96,21.05,23.54,15.29,52.71,27.74,19.99
06-Oct-18 8:30:00 PM EDT,35.41,42.74,44.03,45.12,7.79,34.24,6.65,34.1,34.91,20.96,20.59,23.54,14.81,52.71,27.74,19.99
06-Oct-18 9:00:00 PM EDT,35.47,43.6,44.03,44.75,7.74,34.24,6.7,34.1,34.91,20.74,20.9,23.49,14.65,51.6,27.74,19.99
06-Oct-18 9:30:00 PM EDT,35.47,43.28,44.03,45.64,7.85,34.24,6.65,34.1,34.91,20.8,20.49,23.49,15.4,52.71,27.74,19.99
06-Oct-18 10:00:00 PM EDT,35.47,43.17,62.51,44.28,7.85,34.24,6.65,34.1,34.91,20.96,20.54,23.54,14.54,51.81,27.74,19.99
06-Oct-18 10:30:00 PM EDT,35.41,43.23,62.51,45.64,7.69,34.24,6.55,34.1,34.91,20.96,20.79,23.49,15.4,52.18,27.74,19.99
06-Oct-18 11:00:00 PM EDT,35.58,43.28,36.48,63.39,7.85,34.24,6.5,34.1,34.91,20.96,20.18,23.54,14.65,51.86,27.74,19.99
06-Oct-18 11:30:00 PM EDT,35.41,43.33,36.48,62.92,7.74,34.24,6.65,34.1,34.91,20.74,20.95,23.44,15.24,52.82,27.74,19.99
07-Oct-18 12:00:00 AM EDT,35.41,43.33,36.48,64.23,7.85,34.24,6.55,34.1,34.91,20.96,20.49,23.54,15.24,52.61,27.74,19.99
07-Oct-18 12:30:00 AM EDT,34.2,43.49,36.48,63.81,7.74,34.24,6.7,34.1,34.91,20.96,20.9,23.54,14.97,52.66,27.74,19.99
07-Oct-18 1:00:00 AM EDT,35.41,42.58,36.48,64.07,7.69,34.24,6.55,34.1,34.91,20.96,20.64,23.34,15.13,51.86,27.68,19.99
07-Oct-18 1:30:00 AM EDT,35.19,43.23,36.48,64.18,7.85,34.24,6.65,34.1,34.91,20.9,20.79,23.34,15.08,51.38,27.68,19.99
07-Oct-18 2:00:00 AM EDT,34.09,43.23,36.48,64.07,7.69,34.24,6.7,34.1,34.91,20.9,20.64,23.34,14.81,52.66,27.68,19.99
07-Oct-18 2:30:00 AM EDT,35.41,43.06,36.48,64.23,7.85,34.24,6.6,34.1,34.91,20.9,20.49,23.34,15.4,51.97,27.68,19.99
07-Oct-18 3:00:00 AM EDT,35.36,43.39,36.48,63.71,7.79,34.24,6.65,34.1,34.91,20.9,20.59,23.6,15.51,52.93,27.68,19.99
07-Oct-18 3:30:00 AM EDT,34.59,43.39,36.48,64.13,7.9,34.24,6.5,34.1,34.91,20.8,20.33,23.34,15.29,52.29,27.68,19.99
07-Oct-18 4:00:00 AM EDT,35.41,42.85,36.48,64.23,7.64,34.24,6.5,34.1,34.91,20.8,21,23.34,15.29,52.39,27.68,19.99
07-Oct-18 4:30:00 AM EDT,34.42,42.47,36.48,62.66,7.85,34.24,6.6,34.1,34.91,21.01,20.74,23.34,15.46,51.7,27.68,19.99
07-Oct-18 5:00:00 AM EDT,35.52,43.17,36.48,64.44,7.74,34.24,6.5,34.1,34.91,20.74,20.33,23.49,15.29,52.98,27.68,19.99
07-Oct-18 5:30:00 AM EDT,35.19,43.23,36.48,64.44,7.64,34.24,6.6,34.1,34.91,20.96,20.85,23.54,15.35,51.33,27.68,19.99
07-Oct-18 6:00:00 AM EDT,34.75,43.44,36.48,64.39,7.85,34.24,6.65,34.1,34.91,20.8,20.95,23.54,15.19,52.45,27.68,19.99
07-Oct-18 6:30:00 AM EDT,35.25,43.44,36.48,64.13,7.74,34.24,6.55,34.1,34.91,20.74,20.12,23.54,15.35,51.81,27.68,19.99
07-Oct-18 7:00:00 AM EDT,35.64,42.74,36.48,64.44,7.79,34.24,6.65,34.05,34.91,20.96,20.79,23.49,15.35,51.6,27.68,19.99
07-Oct-18 7:30:00 AM EDT,35.47,43.49,36.48,63.66,7.85,34.24,6.7,34.05,34.91,20.96,20.79,23.49,15.13,51.38,27.68,19.99
07-Oct-18 8:00:00 AM EDT,35.36,42.26,36.48,61.67,7.85,34.24,6.7,34.05,34.91,20.74,21,23.49,15.19,52.39,27.68,19.99
07-Oct-18 8:30:00 AM EDT,35.41,43.44,36.48,64.39,7.85,34.24,6.65,34.05,34.91,20.96,20.49,23.49,15.35,52.5,27.68,19.99
07-Oct-18 9:00:00 AM EDT,34.97,43.17,53.96,64.07,7.85,34.24,6.5,34.05,34.91,20.8,21,23.49,15.24,52.61,27.68,19.99
07-Oct-18 9:30:00 AM EDT,35.41,43.23,53.96,64.28,7.85,34.24,6.7,34.05,34.91,20.96,20.59,23.54,15.24,52.71,27.68,19.99
07-Oct-18 10:00:00 AM EDT,34.7,43.28,53.96,63.5,7.79,34.24,6.55,34.05,34.91,20.74,20.28,23.54,15.13,51.7,27.68,19.99
07-Oct-18 10:30:00 AM EDT,35.25,43.23,53.96,63.24,7.69,34.24,6.7,34.05,34.91,20.96,21,23.54,15.35,52.61,27.68,19.99
07-Oct-18 11:00:00 AM EDT,35.3,43.39,53.96,64.44,7.9,34.18,6.55,34.05,34.91,20.96,20.95,23.54,14.97,51.54,27.68,19.99
07-Oct-18 11:30:00 AM EDT,35.19,43.28,53.96,64.65,7.85,34.18,5.17,34.05,34.91,21.01,20.49,23.54,15.19,52.77,27.68,19.99
07-Oct-18 12:00:00 PM EDT,35.36,43.17,53.96,62.66,7.74,34.18,66.84,34.05,34.91,20.96,20.79,23.54,15.46,52.87,27.68,19.99
07-Oct-18 12:30:00 PM EDT,24.48,43.17,40.2,64.6,7.79,34.18,66.84,34.05,34.91,20.74,20.9,23.54,15.13,52.29,27.68,19.99
07-Oct-18 1:00:00 PM EDT,16.8,42.26,40.25,64.18,7.69,34.18,66.84,34.05,34.91,20.96,20.74,23.54,15.24,52.71,27.68,19.99
07-Oct-18 1:30:00 PM EDT,16.85,43.01,40.25,63.03,7.79,34.18,66.84,34.05,34.91,20.96,20.12,23.54,15.29,52.87,27.68,19.99
07-Oct-18 2:00:00 PM EDT,16.08,43.01,40.25,64.39,43.38,34.18,66.84,34.05,34.91,20.96,20.95,23.54,15.35,52.82,27.68,19.99
07-Oct-18 2:30:00 PM EDT,16.69,43.44,40.25,64.28,43.38,29.81,66.84,34.05,34.91,21.01,20.23,61.3,14.65,52.39,27.68,19.99
07-Oct-18 3:00:00 PM EDT,16.08,43.39,40.25,61.83,43.38,29.81,66.84,34.05,34.91,20.74,20.28,61.3,15.29,51.7,27.68,19.99
07-Oct-18 3:30:00 PM EDT,16.52,42.9,40.25,63.76,75.79,29.81,66.84,34.05,34.91,20.74,21,61.3,14.59,52.5,27.68,19.99
07-Oct-18 4:00:00 PM EDT,16.57,43.33,40.25,64.44,75.79,29.81,66.84,34.05,34.91,20.74,24.51,61.3,14.92,52.55,27.68,19.99
07-Oct-18 4:30:00 PM EDT,16.63,43.49,40.25,61.36,16,27.06,3.63,18.74,34.91,20.9,24.3,61.3,14.92,51.65,27.68,19.99
07-Oct-18 5:00:00 PM EDT,16.08,43.12,47.58,64.18,16,26.9,3.58,18.95,34.91,20.96,24.82,61.3,15.35,52.82,27.68,19.99
07-Oct-18 5:30:00 PM EDT,16.35,42.26,41.42,64.02,16,26.9,3.43,18.95,34.91,20.74,24.66,61.3,15.35,52.45,27.68,19.99
07-Oct-18 6:00:00 PM EDT,16.41,43.17,41.42,61.57,15.79,26.9,3.58,18.95,34.91,20.9,24.3,22.39,15.29,52.18,27.68,19.99
07-Oct-18 6:30:00 PM EDT,16.57,42.96,41.42,64.02,16,26.9,3.43,18.74,34.91,20.9,24.51,22.39,15.4,52.71,27.68,19.99
07-Oct-18 7:00:00 PM EDT,16.08,43.33,43.97,62.09,15.95,26.9,3.43,18.95,34.91,20.9,24.72,22.39,14.81,52.55,27.68,19.99
07-Oct-18 7:30:00 PM EDT,16.69,42.85,42.59,61.98,15.79,26.9,3.48,18.95,34.91,20.9,24.77,22.39,15.24,52.13,27.68,19.99
07-Oct-18 8:00:00 PM EDT,16.57,43.49,39.99,62.87,15.79,26.9,3.53,18.95,34.91,20.96,24.15,22.39,15.08,52.66,27.68,19.99
07-Oct-18 8:30:00 PM EDT,15.97,42.15,39.99,64.02,15.95,26.9,3.53,18.95,34.91,20.96,24.77,22.39,14.75,52.02,27.68,19.99
07-Oct-18 9:00:00 PM EDT,16.63,43.44,39.99,64.33,15.95,26.9,3.53,18.74,34.91,20.96,23.89,22.39,15.29,52.45,27.68,19.99
07-Oct-18 9:30:00 PM EDT,16.74,42.74,39.99,62.61,15.95,26.9,3.58,18.95,34.91,20.96,24.82,22.39,15.29,52.77,27.68,19.99
07-Oct-18 10:00:00 PM EDT,16.57,43.39,39.99,64.28,15.79,26.9,3.53,18.74,34.91,20.96,24.82,22.39,15.35,52.87,27.68,19.99
07-Oct-18 10:30:00 PM EDT,16.63,43.23,39.99,64.23,15.79,26.9,3.53,18.74,34.91,20.96,24.56,22.39,15.29,52.82,27.68,19.99
07-Oct-18 11:00:00 PM EDT,16.74,43.12,39.99,64.18,15.79,26.9,3.58,18.74,34.91,20.96,24.61,22.39,15.29,51.44,27.68,19.99
07-Oct-18 11:30:00 PM EDT,16.57,43.06,39.99,64.18,16,26.9,3.53,18.74,34.91,20.96,24.77,22.39,15.29,52.5,27.68,19.99
08-Oct-18 12:00:00 AM EDT,16.69,43.39,39.99,63.81,15.74,26.9,3.53,18.95,34.91,20.74,24.77,22.39,14.92,52.23,27.68,19.99
08-Oct-18 12:30:00 AM EDT,16.63,42.8,39.99,64.39,15.79,26.9,3.53,18.74,34.91,21.01,24.77,22.39,15.02,52.39,27.68,19.99
08-Oct-18 1:00:00 AM EDT,16.46,43.28,39.99,64.18,15.79,26.9,3.53,18.95,34.91,20.96,24.87,22.39,15.35,52.55,27.68,19.99
08-Oct-18 1:30:00 AM EDT,16.24,43.6,39.99,64.28,15.95,26.9,3.43,18.95,34.91,20.96,24.05,22.39,15.35,52.55,27.68,19.99
08-Oct-18 2:00:00 AM EDT,16.35,43.17,39.99,63.86,15.95,26.9,3.38,18.9,34.91,20.85,24.61,22.39,15.24,52.45,27.68,19.99
08-Oct-18 2:30:00 AM EDT,16.57,42.15,39.99,62.51,15.95,26.9,3.53,18.9,34.91,20.85,24.77,22.39,15.13,51.33,27.68,19.99
08-Oct-18 3:00:00 AM EDT,15.97,42.69,39.99,64.23,15.79,26.9,3.43,18.9,34.91,20.85,24.1,22.39,15.35,52.66,27.68,19.99
08-Oct-18 3:30:00 AM EDT,16.57,43.23,39.99,63.71,15.79,26.9,3.53,18.9,34.91,20.85,24.56,22.39,15.19,51.76,27.68,19.99
08-Oct-18 4:00:00 AM EDT,15.97,42.63,39.99,64.13,15.79,26.9,3.43,18.9,34.91,20.85,24.72,22.34,15.08,52.5,27.68,19.99
08-Oct-18 4:30:00 AM EDT,16.46,43.28,39.99,64.49,16,26.9,3.53,18.74,34.91,20.85,24.15,22.34,15.13,52.02,27.68,19.99
08-Oct-18 5:00:00 AM EDT,16.46,42.1,39.99,63.76,15.95,26.9,3.48,18.74,34.91,20.85,24.3,22.34,15.4,52.34,27.68,19.99
08-Oct-18 5:30:00 AM EDT,16.57,42.8,39.99,64.23,15.74,26.9,3.53,18.95,34.91,20.85,24.77,22.34,14.97,52.77,27.68,19.99
08-Oct-18 6:00:00 AM EDT,16.69,43.44,39.99,64.23,15.95,26.9,3.53,18.74,34.91,20.85,24.72,22.34,15.02,51.7,27.68,19.99
08-Oct-18 6:30:00 AM EDT,16.63,43.28,39.99,63.39,15.74,26.9,3.58,18.74,34.91,20.85,23.89,22.34,15.46,52.13,27.68,19.99
08-Oct-18 7:00:00 AM EDT,16.02,43.17,39.99,61.36,15.95,26.9,3.53,18.74,34.91,20.85,24.51,22.34,15.35,52.87,27.68,19.99
08-Oct-18 7:30:00 AM EDT,16.57,43.44,39.99,63.39,15.74,26.9,3.38,18.74,34.91,20.85,24.3,22.34,18.47,52.55,27.68,19.99
08-Oct-18 8:00:00 AM EDT,16.69,42.42,39.99,64.23,15.74,26.9,3.38,18.79,34.91,20.85,24.51,22.34,19.06,51.7,27.68,19.99
08-Oct-18 8:30:00 AM EDT,40.11,43.23,39.99,61.31,15.95,26.9,3.53,18.9,34.91,20.85,24.77,22.34,19.28,52.71,27.68,19.99
08-Oct-18 9:00:00 AM EDT,40.5,42.9,48.22,63.76,15.79,26.9,3.38,18.9,34.91,20.85,24.61,22.34,19.06,52.34,27.68,19.99
08-Oct-18 9:30:00 AM EDT,40.22,41.88,51.73,64.07,47.95,26.64,3.48,18.79,34.91,20.96,24.46,22.34,19.01,98.88,27.68,39.87
08-Oct-18 10:00:00 AM EDT,42.21,42.85,51.73,64.33,47.95,26.64,3.48,18.74,34.91,20.74,24.72,22.39,19.17,99.52,36.75,100
08-Oct-18 10:30:00 AM EDT,48.95,43.28,51.73,64.18,47.95,26.59,3.53,18.9,34.91,20.74,24.46,22.39,22.4,83.94,34.01,32.21
08-Oct-18 11:00:00 AM EDT,49.23,42.37,51.73,63.08,56.82,26.59,3.38,18.79,34.91,20.96,24.77,22.39,23.26,84.1,33.96,32.21
08-Oct-18 11:30:00 AM EDT,48.73,57.69,51.73,61.62,44.62,26.53,3.53,18.79,34.91,20.96,24.66,57,23.26,71.65,41.58,32.21
08-Oct-18 12:00:00 PM EDT,47.96,57.85,51.73,64.39,44.62,26.59,3.53,18.84,34.91,20.74,24.66,57,23.37,72.23,41.58,32.21
08-Oct-18 12:30:00 PM EDT,48.51,57.8,51.73,64.28,44.62,26.59,3.53,18.95,34.91,20.74,24.46,57,36.94,72.07,27.84,32.21
08-Oct-18 1:00:00 PM EDT,50.99,57.47,51.73,64.07,44.62,26.59,3.53,18.95,34.91,20.96,24.77,57,38.07,71.91,42.65,32.21
08-Oct-18 1:30:00 PM EDT,57.07,56.08,51.73,64.33,55.49,26.59,3.48,18.74,34.91,20.53,24.72,57,13.52,71.76,42.65,32.21
08-Oct-18 2:00:00 PM EDT,26.08,57.37,51.73,64.02,55.49,26.53,3.48,51.28,34.91,20.74,24.46,57,13.95,71.91,42.65,32.21
08-Oct-18 2:30:00 PM EDT,26.19,56.45,51.73,62.51,55.49,26.53,3.53,51.45,34.91,20.69,24.3,60.41,37.59,72.18,42.65,32.21
08-Oct-18 3:00:00 PM EDT,77.13,57.37,51.73,64.75,55.49,26.53,30.91,51.45,34.91,20.96,25.03,60.41,16.8,44.89,42.65,32.21
08-Oct-18 3:30:00 PM EDT,75.86,69.62,51.73,64.07,63.13,26.53,30.91,51.45,34.91,20.96,46.03,61.14,18.15,45.69,42.65,40.72
08-Oct-18 4:00:00 PM EDT,19.94,69.46,54.22,63.5,55.03,26.48,2.76,21.04,34.91,20.74,70.33,61.14,26.23,45.48,42.65,35.64
08-Oct-18 4:30:00 PM EDT,51.49,71.51,54.22,63.92,55.95,26.59,2.71,21.15,34.91,20.96,53.92,60.93,26.12,45.69,42.65,35.64
08-Oct-18 5:00:00 PM EDT,19.28,71.67,54.22,62.51,23.69,26.53,2.66,21.15,34.91,20.74,55.26,60.93,25.96,45,21.62,11.42
08-Oct-18 5:30:00 PM EDT,19.17,15.27,54.22,64.23,23.69,26.53,2.71,21.15,39.71,20.96,57.12,60.93,25.69,45.96,21.46,11.26
08-Oct-18 6:00:00 PM EDT,19.61,15.16,37.6,63.34,23.69,26.48,2.76,21.15,39.71,21.01,57.02,65.86,26.12,46.01,21.46,11.26
08-Oct-18 6:30:00 PM EDT,19.01,15.11,37.6,62.77,23.69,26.48,2.71,21.15,39.71,20.74,58.15,19.4,25.9,46.12,21.57,11.26
08-Oct-18 7:00:00 PM EDT,19.67,15.05,37.6,64.13,23.69,26.48,2.76,20.93,39.71,20.96,57.89,19.51,24.56,46.17,21.51,11.26
08-Oct-18 7:30:00 PM EDT,19.45,15.22,37.6,63.76,23.69,26.48,2.71,20.99,39.71,20.74,56.76,19.51,24.99,46.01,21.51,11.26
08-Oct-18 8:00:00 PM EDT,19.67,15.16,37.6,62.19,23.69,26.48,2.76,20.99,39.71,20.96,58,19.51,24.45,46.06,21.51,11.26
08-Oct-18 8:30:00 PM EDT,19.61,15.22,37.6,62.87,23.69,26.48,2.71,20.99,39.71,20.74,57.59,62.77,24.66,46.06,21.51,11.26
08-Oct-18 9:00:00 PM EDT,19.5,15.22,37.6,62.92,23.69,26.48,2.71,20.99,39.71,20.85,58.1,62.77,24.56,45.05,21.51,11.26
08-Oct-18 9:30:00 PM EDT,19.28,15.11,37.6,61.62,23.69,26.48,2.56,20.99,39.71,20.85,56.45,62.77,24.77,46.01,21.51,11.26
08-Oct-18 10:00:00 PM EDT,19.67,15.22,37.6,63.86,23.69,26.48,2.56,21.15,39.71,20.74,56.35,20.35,24.93,46.17,21.51,11.26
08-Oct-18 10:30:00 PM EDT,19.56,15,37.6,64.18,23.69,26.48,2.71,20.93,39.71,21.01,58.05,66.07,25.04,46.12,21.57,11.26
08-Oct-18 11:00:00 PM EDT,19.39,14.95,37.6,64.28,23.69,26.48,2.76,20.93,39.71,20.9,57.74,66.07,24.99,46.22,21.57,11.26
08-Oct-18 11:30:00 PM EDT,18.84,15.11,37.6,62.72,23.69,26.48,2.71,21.15,39.71,20.9,58,66.07,24.45,46.17,21.57,11.26
09-Oct-18 12:00:00 AM EDT,19.56,15.16,37.6,63.55,23.69,26.48,2.71,20.93,39.71,20.9,56.45,22.18,24.99,45.9,21.57,11.26
09-Oct-18 12:30:00 AM EDT,19.67,15.22,37.6,63.76,23.69,26.48,2.71,21.15,39.71,20.96,56.6,27.11,24.77,46.17,21.57,11.26
09-Oct-18 1:00:00 AM EDT,19.34,15.22,37.6,63.24,23.69,26.48,2.66,21.15,39.71,20.74,57.28,27.43,24.77,46.01,21.57,11.26
09-Oct-18 1:30:00 AM EDT,19.61,15.11,37.6,64.33,23.69,26.48,2.71,20.93,39.71,20.96,56.76,33.82,24.93,44.95,21.57,11.26
09-Oct-18 2:00:00 AM EDT,19.67,15.16,37.6,63.81,23.69,26.48,2.61,20.93,39.71,20.96,57.95,33.82,25.04,46.12,21.57,11.26
09-Oct-18 2:30:00 AM EDT,19.61,15.16,37.6,64.39,23.69,26.48,2.61,21.15,39.71,20.96,56.97,66.18,24.77,46.17,21.57,11.26
09-Oct-18 3:00:00 AM EDT,19.34,15,37.6,63.29,23.69,26.48,2.56,21.15,39.71,20.96,58.15,66.18,25.04,46.01,21.57,11.26
09-Oct-18 3:30:00 AM EDT,19.56,14.95,37.6,63.81,23.69,26.48,2.71,20.93,39.71,20.96,56.71,66.18,24.99,44.89,21.57,11.26
09-Oct-18 4:00:00 AM EDT,19.34,15.16,37.6,64.13,23.69,26.48,2.61,21.15,39.71,20.69,57.48,77.98,25.04,45.11,21.57,11.26
09-Oct-18 4:30:00 AM EDT,19.61,15.16,37.6,64.39,23.69,26.48,2.66,21.15,39.71,21.01,31.27,21.45,24.88,46.22,21.57,11.26
09-Oct-18 5:00:00 AM EDT,19.61,15.22,37.6,64.18,23.69,26.48,2.71,21.15,39.71,20.96,31.63,21.45,24.61,46.28,21.57,11.26
09-Oct-18 5:30:00 AM EDT,18.84,15.27,37.6,63.86,23.69,26.48,2.66,20.93,39.71,20.8,32.25,21.45,24.82,45.9,21.57,11.26
09-Oct-18 6:00:00 AM EDT,19.12,14.84,37.6,61.62,23.69,26.48,2.66,21.15,39.71,20.74,32.4,21.19,24.88,46.06,21.57,11.26
09-Oct-18 6:30:00 AM EDT,19.34,15.16,37.6,64.07,23.69,26.48,2.61,20.93,39.71,20.96,31.27,21.19,24.93,45.96,21.57,11.26
09-Oct-18 7:00:00 AM EDT,19.5,15.22,37.6,64.13,23.69,26.48,2.56,20.93,39.71,20.74,32.3,21.19,24.07,45.85,21.57,11.26
09-Oct-18 7:30:00 AM EDT,19.56,15.22,37.6,64.02,23.69,26.48,2.66,20.93,39.71,20.74,32.3,21.19,24.02,45.96,21.57,11.26
09-Oct-18 8:00:00 AM EDT,19.28,14.84,37.6,64.33,23.69,26.48,2.71,21.09,39.71,21.01,31.58,21.19,24.5,46.12,21.57,11.26
09-Oct-18 8:30:00 AM EDT,19.34,14.89,37.6,64.07,23.69,26.48,2.66,21.09,39.71,20.96,31.79,21.19,24.88,45.21,21.57,11.26
09-Oct-18 9:00:00 AM EDT,19.23,14.95,37.6,63.39,23.69,26.48,2.56,21.09,39.71,20.9,31.58,21.19,24.88,45.74,21.57,11.26
09-Oct-18 9:30:00 AM EDT,26.96,33.28,37.6,64.49,23.74,26.48,2.56,20.99,39.71,20.9,31.94,21.19,25.04,95.32,42.33,11.26
09-Oct-18 10:00:00 AM EDT,58.67,54.41,37.6,61.93,71.64,26.53,2.66,20.99,39.71,20.96,31.94,21.19,46.47,96.28,62.93,11.26
09-Oct-18 10:30:00 AM EDT,68.23,74.3,48.06,40.21,71.64,26.53,2.56,21.09,39.71,20.96,31.37,21.19,46.2,95.9,46.03,35.38
09-Oct-18 11:00:00 AM EDT,53.26,75,48.06,40.37,76,26.48,2.66,21.04,39.71,20.74,31.89,21.19,45.88,95.96,46.03,35.38
09-Oct-18 11:30:00 AM EDT,25.58,73.6,48.06,40.57,76,26.48,2.71,21.15,39.71,20.69,32.3,21.19,47.39,96.38,46.03,35.38
09-Oct-18 12:00:00 PM EDT,26.19,75.54,48.06,39.27,98.72,26.53,2.56,20.93,39.71,20.96,32.35,21.19,26.01,77.98,46.03,35.38
09-Oct-18 12:30:00 PM EDT,48.45,74.95,48.06,40.57,98.72,26.53,2.66,21.09,39.71,20.96,32.04,21.19,66.72,79.1,46.03,35.38
09-Oct-18 1:00:00 PM EDT,58.51,75.16,48.06,39.11,98.72,26.53,2.71,41.97,39.71,20.8,43.65,21.19,65.97,77.45,46.03,44.58
09-Oct-18 1:30:00 PM EDT,58.29,75.43,48.06,38.8,42.87,27.47,2.71,41.97,39.71,20.85,43.03,21.19,64.62,79.04,46.03,44.58
09-Oct-18 2:00:00 PM EDT,59.5,74.78,48.06,40,42.87,29.76,2.66,41.97,39.71,20.69,46.28,58.84,49.43,78.72,41.52,44.58
09-Oct-18 2:30:00 PM EDT,41.22,75.27,48.06,40.73,42.87,29.76,2.71,41.97,39.71,20.74,56.5,61.41,48.95,77.71,41.52,44.58
09-Oct-18 3:00:00 PM EDT,54.31,75,48.06,40.63,42.87,29.76,2.61,41.97,39.71,20.53,55.57,61.41,49,77.98,41.52,44.58
09-Oct-18 3:30:00 PM EDT,55.25,74.62,48.06,39.53,42.87,22.22,2.71,24.09,14.92,13.94,17.85,44.63,49.92,79.1,41.52,44.58
09-Oct-18 4:00:00 PM EDT,55.52,75.48,48.06,40.57,42.87,22.22,2.66,24.09,14.92,13.88,17.85,49.19,7.59,28.78,18.13,10.52
09-Oct-18 4:30:00 PM EDT,56.41,75.32,48.06,40.78,42.87,22.22,2.71,24.09,14.76,14.15,17.44,62.82,17.56,28.4,29.29,10.42
09-Oct-18 5:00:00 PM EDT,33.15,75.11,48.06,42.19,42.87,27,2.51,24.09,14.76,14.1,17.08,55.74,36.08,24.41,38.79,0.53
09-Oct-18 5:30:00 PM EDT,15.91,9.84,48.06,39.01,42.87,27,2.61,12.79,14.66,13.88,17.8,55.74,43.83,24.47,41.58,0.37
09-Oct-18 6:00:00 PM EDT,16.35,9.78,48.06,26.11,42.87,27,2.61,12.85,14.82,14.1,25.59,55.74,40.76,24.95,41.58,0.32
09-Oct-18 6:30:00 PM EDT,17.18,10,17.21,26.06,42.87,27,2.71,12.85,14.82,14.1,25.59,55.74,2.85,25.11,9.82,0.16
09-Oct-18 7:00:00 PM EDT,17.29,9.73,17.42,24.91,42.87,27,2.66,12.79,14.76,14.1,25.44,55.74,3.18,25.21,10.03,0.16
09-Oct-18 7:30:00 PM EDT,17.79,9.73,17.42,26.06,42.87,27,2.71,12.69,14.76,14.1,25.65,49.71,2.91,25.11,9.98,0.21
09-Oct-18 8:00:00 PM EDT,17.57,10.05,17.42,26.16,42.87,27,2.71,12.69,14.76,13.94,25.39,57.58,3.12,25.16,9.98,0.26
09-Oct-18 8:30:00 PM EDT,17.73,10.05,17.42,25.22,42.87,27,2.66,12.85,14.82,14.1,25.44,63.08,2.91,25.11,9.98,0.21
09-Oct-18 9:00:00 PM EDT,17.68,10.05,17.42,25.33,42.87,27,2.66,12.85,14.76,13.94,25.7,31.04,3.18,25.11,9.92,0.11
09-Oct-18 9:30:00 PM EDT,17.73,9.57,17.42,25.85,42.87,27,2.56,12.85,14.55,14.1,24.77,31.04,3.18,24.89,9.82,0.16
09-Oct-18 10:00:00 PM EDT,17.79,10.05,17.42,26.11,42.87,27,2.66,12.79,14.6,13.99,25.65,31.04,3.18,24.84,9.98,0.11
09-Oct-18 10:30:00 PM EDT,17.73,10,17.42,25.74,42.87,27,2.56,12.79,14.76,14.1,25.59,30.94,3.12,24.84,9.98,0.16
09-Oct-18 11:00:00 PM EDT,17.79,9.89,17.42,26.11,42.87,27,2.61,12.79,14.76,13.88,25.7,30.94,3.12,24.73,9.76,0.16
09-Oct-18 11:30:00 PM EDT,17.73,10,17.42,25.64,42.87,27,2.66,12.85,14.76,14.1,25.65,66.28,2.85,25,9.92,0.21
10-Oct-18 12:00:00 AM EDT,17.51,9.73,17.42,25.48,42.87,27,2.71,12.63,14.76,14.1,25.59,75.25,2.91,24.95,9.92,0.16
10-Oct-18 12:30:00 AM EDT,17.13,9.89,17.26,25.59,42.87,27,2.66,12.79,14.71,14.1,25.08,71.68,2.91,25.05,9.98,0.05
10-Oct-18 1:00:00 AM EDT,17.68,9.84,17.42,26.01,42.87,27,2.71,12.85,14.66,14.04,25.65,51.44,3.02,25.05,9.98,0.11
10-Oct-18 1:30:00 AM EDT,17.79,9.73,17.47,26.11,42.87,27,2.51,12.69,14.66,14.1,25.08,51.44,2.85,24.79,9.92,0.05
10-Oct-18 2:00:00 AM EDT,17.13,10.05,17.47,25.95,42.87,27,2.66,12.79,14.66,14.1,25.65,21.34,2.91,24.79,9.98,0.05
10-Oct-18 2:30:00 AM EDT,17.68,9.46,17.47,26.16,42.87,27,2.51,12.79,14.76,13.94,25.54,21.34,2.75,24.84,9.87,0.21
10-Oct-18 3:00:00 AM EDT,17.79,9.78,17.26,25.95,42.87,27,2.66,12.74,14.66,14.1,25.7,21.34,3.12,25,9.92,0.05
10-Oct-18 3:30:00 AM EDT,17.68,9.95,17.42,25.64,42.87,27,2.51,12.63,14.66,14.1,25.59,21.34,3.12,25,9.98,0.11
10-Oct-18 4:00:00 AM EDT,17.79,9.95,17.47,25.69,42.87,27,2.51,12.79,14.76,14.1,25.34,21.34,2.85,24.95,9.76,0.05
10-Oct-18 4:30:00 AM EDT,17.29,9.46,17.42,26.06,42.87,27,2.66,12.79,14.71,14.1,25.54,21.34,3.12,24.84,9.98,0.16
10-Oct-18 5:00:00 AM EDT,17.51,9.89,17.26,26.11,42.87,27,2.61,12.79,14.6,14.04,25.59,21.08,3.12,24.36,9.92,0.05
10-Oct-18 5:30:00 AM EDT,17.68,10,17.47,24.75,42.87,27,2.66,12.79,14.71,14.1,25.44,21.08,3.12,24.84,9.76,0.11
10-Oct-18 6:00:00 AM EDT,17.62,9.95,17.26,26.01,42.87,27,2.71,12.79,14.66,13.94,25.49,21.08,2.8,24.84,9.98,0.11
10-Oct-18 6:30:00 AM EDT,17.79,10.05,17.42,25.38,42.87,27,2.71,12.85,14.55,14.1,25.54,21.08,3.02,25.11,9.98,0.11
10-Oct-18 7:00:00 AM EDT,17.51,10,17.26,25.8,42.87,27,2.66,12.63,14.71,14.04,24.61,21.34,2.91,25.05,9.92,0.16
10-Oct-18 7:30:00 AM EDT,17.73,10,17.47,25.54,42.87,27,2.56,12.85,14.71,14.1,25.59,21.34,3.07,24.68,9.92,0.11
10-Oct-18 8:00:00 AM EDT,17.73,9.89,17.47,26.01,42.87,27,2.71,12.63,14.55,14.1,25.23,21.34,3.02,24.47,9.92,0.05
10-Oct-18 8:30:00 AM EDT,25.25,9.68,52.26,24.75,42.87,27,2.56,12.63,14.6,14.04,25.59,21.34,3.12,83.78,9.76,0.16
10-Oct-18 9:00:00 AM EDT,24.81,9.89,52.26,25.64,42.87,27,2.66,12.79,14.76,14.1,49.02,21.08,3.12,24.52,11.05,0.05
10-Oct-18 9:30:00 AM EDT,37.07,9.89,52.26,25.8,42.87,45.68,2.56,12.79,14.66,14.1,49.43,21.08,2.85,24.04,10.89,0.11
10-Oct-18 10:00:00 AM EDT,20.22,51.94,52.26,25.8,42.87,28.3,2.71,12.63,14.71,13.88,50.46,21.08,7.27,24.41,14.65,0.05
10-Oct-18 10:30:00 AM EDT,57.85,50.91,52.26,25.07,42.87,28.3,2.51,12.79,14.71,13.72,50.46,62.51,19.39,23.51,20.55,0.11
10-Oct-18 11:00:00 AM EDT,32.65,65.59,52.26,25.38,79.49,28.3,2.61,12.79,14.76,14.04,54.64,62.51,33.55,23.56,17.54,0.05
10-Oct-18 11:30:00 AM EDT,14.53,65.59,52.26,26.06,28.56,28.3,2.71,12.79,14.55,13.88,56.24,62.51,8.08,28.14,17.76,0.05
10-Oct-18 12:00:00 PM EDT,14.25,74.73,52.26,25.95,28.56,28.3,2.66,12.79,14.71,13.88,54.85,62.51,24.77,27.5,17.76,0.11
10-Oct-18 12:30:00 PM EDT,13.81,75.86,52.26,24.96,28.56,28.3,2.51,12.79,35.78,18.83,27.14,38.28,46.53,27.93,17.7,0.05
10-Oct-18 1:00:00 PM EDT,14.42,76.29,52.26,26.01,28.56,28.3,2.71,12.79,51.72,18.83,27.86,38.28,23.42,28.14,17.76,0.05
10-Oct-18 1:30:00 PM EDT,19.17,76.02,52.26,25.54,28.56,28.3,2.66,12.79,51.72,19.04,20.9,61.98,10.18,27.71,20.44,0.05
10-Oct-18 2:00:00 PM EDT,32.54,75.97,51.25,25.85,28.56,28.3,2.66,12.69,51.72,19.04,31.79,61.98,9.8,27.39,47.16,0.05
10-Oct-18 2:30:00 PM EDT,48.01,75.91,59.11,23.81,28.56,4.21,0.46,12.63,51.72,18.83,32.82,61.98,9.85,27.87,19.85,0.05
10-Oct-18 3:00:00 PM EDT,38.23,76.29,43.55,48.72,28.51,51.4,0.36,12.47,51.72,18.83,32.82,61.98,25.69,27.45,28.76,0.05
10-Oct-18 3:30:00 PM EDT,30.06,75.11,43.55,51.02,8.67,59.37,0.41,10.55,51.72,18.83,32.2,61.98,15.4,27.66,11.96,0.05
10-Oct-18 4:00:00 PM EDT,29.01,76.18,43.55,50.7,8.67,42.09,0.51,10.55,12.72,18.62,31.68,34.35,15.56,27.87,36.11,0.05
10-Oct-18 4:30:00 PM EDT,48.56,75.65,60.17,50.39,8.72,23.1,0.51,10.49,12.55,18.83,32.35,34.35,14.7,28.03,36.11,0.05
10-Oct-18 5:00:00 PM EDT,42.93,75.97,60.17,49.87,8.67,23.1,0.46,10.49,12.72,18.83,32.56,34.35,34.14,52.39,19.31,0.05
10-Oct-18 5:30:00 PM EDT,42.71,73.92,60.86,50.13,8.56,23.1,0.36,10.44,12.72,18.88,32.77,64.81,34.3,52.66,34.76,0.05
10-Oct-18 6:00:00 PM EDT,56.02,26.08,64.58,22.14,8.72,23.1,0.51,10.39,12.66,18.83,32.82,64.81,10.29,24.47,9.98,0.05
10-Oct-18 6:30:00 PM EDT,29.94,26.4,74.03,20.99,8.72,23.1,0.36,10.49,12.66,19.04,32.25,64.81,10.07,24.84,10.25,0.05
10-Oct-18 7:00:00 PM EDT,30.33,26.34,24.75,22.09,8.56,23.1,0.51,10.33,12.61,19.04,39.78,64.81,10.12,24.36,10.19,0.05
10-Oct-18 7:30:00 PM EDT,30.44,25.91,24.75,21.88,8.72,23.1,0.46,10.49,12.55,19.04,39.22,64.81,10.18,24.68,10.03,0.05
10-Oct-18 8:00:00 PM EDT,30.55,26.34,22.15,22.14,8.72,23.1,0.51,10.39,12.55,19.04,50.77,64.81,10.72,24.84,10.19,0.05
10-Oct-18 8:30:00 PM EDT,30.33,26.45,22.15,21.98,8.72,23.1,0.41,10.49,12.55,18.83,49.79,64.81,10.72,24.57,10.03,0.05
10-Oct-18 9:00:00 PM EDT,30,26.34,22.15,22.04,8.56,23.1,0.31,10.33,12.55,19.04,12.07,13.95,10.66,24.73,10.19,0.05
10-Oct-18 9:30:00 PM EDT,30.55,26.29,22.15,21.62,8.72,23.1,0.51,10.49,12.55,18.99,12.13,14.11,10.72,24.57,10.19,0.05
10-Oct-18 10:00:00 PM EDT,30.22,26.51,22.15,21.67,8.77,23.1,0.31,10.49,12.61,19.04,11.87,14.11,10.61,24.73,10.03,0.05
10-Oct-18 10:30:00 PM EDT,30.5,26.45,22.15,22.04,8.77,23.1,0.46,10.55,12.45,19.04,11.92,14.11,10.45,24.68,10.19,0.05
10-Oct-18 11:00:00 PM EDT,30.5,25.48,22.15,20.84,8.72,23.1,0.36,10.33,12.5,19.04,11.71,56.84,10.72,24.68,10.14,0.05
10-Oct-18 11:30:00 PM EDT,30.22,26.13,22.15,20.89,8.72,23.1,0.46,10.49,12.66,18.83,12.07,60.04,10.34,24.15,10.19,0.05
11-Oct-18 12:00:00 AM EDT,30.44,26.4,22.15,22.14,8.62,23.1,0.46,10.49,12.66,18.83,11.66,61.09,10.66,24.84,10.03,0.05
11-Oct-18 12:30:00 AM EDT,30.61,26.4,22.15,22.09,8.56,23.1,0.31,10.49,12.45,18.99,11.66,61.09,10.66,24.36,10.19,0.05
11-Oct-18 1:00:00 AM EDT,30.5,26.4,22.15,22.14,8.72,23.1,0.36,10.49,12.5,19.04,12.18,61.09,10.34,24.73,10.14,0.05
11-Oct-18 1:30:00 AM EDT,30.44,26.4,22.15,22.14,8.51,23.1,0.46,10.55,12.45,18.83,11.76,61.09,10.72,24.79,10.14,0.05
11-Oct-18 2:00:00 AM EDT,30.61,26.61,22.15,22.09,8.72,23.1,0.31,10.49,12.45,18.83,12.23,17.36,10.66,24.26,9.98,0.05
11-Oct-18 2:30:00 AM EDT,30.55,26.45,22.15,21.67,8.56,23.1,0.46,10.49,12.55,18.83,11.97,60.78,10.34,24.73,10.14,0.05
11-Oct-18 3:00:00 AM EDT,30.33,26.24,22.15,21.83,8.72,23.1,0.46,10.55,12.61,19.04,12.23,66.33,10.72,24.31,10.09,0.05
11-Oct-18 3:30:00 AM EDT,29.78,26.4,22.15,21.67,8.51,23.1,0.31,10.39,12.61,19.1,11.92,66.33,10.66,24.73,10.19,0.05
11-Oct-18 4:00:00 AM EDT,29.45,25.7,22.15,21.15,8.67,23.1,0.31,10.49,12.39,18.83,12.23,66.33,10.23,24.52,10.14,0.05
11-Oct-18 4:30:00 AM EDT,30.44,26.4,22.15,20.84,8.67,23.1,0.46,10.33,12.45,18.83,12.02,66.33,10.29,24.68,9.98,0.05
11-Oct-18 5:00:00 AM EDT,30.28,25.65,22.15,20.89,8.72,23.1,0.36,10.44,12.61,18.83,12.13,66.33,10.39,24.31,10.19,0.05
11-Oct-18 5:30:00 AM EDT,30.28,25.97,22.15,22.09,8.72,23.1,0.46,10.49,12.61,19.04,11.87,21.34,10.66,24.47,10.14,0.05
11-Oct-18 6:00:00 AM EDT,30.55,25.97,22.15,22.09,8.62,23.1,0.46,10.55,12.55,19.04,11.97,21.34,10.29,24.47,9.98,0.05
11-Oct-18 6:30:00 AM EDT,30.17,26.4,22.15,21.78,8.51,23.1,0.31,10.49,12.61,19.04,12.07,21.34,10.66,24.57,10.14,0.05
11-Oct-18 7:00:00 AM EDT,29.78,25.91,22.15,21.2,8.51,23.1,0.46,10.44,12.61,19.04,12.18,21.5,10.12,24.68,10.09,0.05
11-Oct-18 7:30:00 AM EDT,30.61,26.34,22.15,21.41,8.56,23.1,0.51,11.99,12.55,18.99,12.02,21.5,10.66,24.79,10.14,0.05
11-Oct-18 8:00:00 AM EDT,30.28,25.75,22.25,22.14,8.72,23.1,0.46,10.49,12.61,19.04,12.07,21.5,10.61,24.04,9.98,0.05
11-Oct-18 8:30:00 AM EDT,30.17,26.34,59.32,20.84,8.62,23.1,0.31,10.49,12.61,19.04,12.02,21.5,10.61,23.99,10.19,0.05
11-Oct-18 9:00:00 AM EDT,41.55,40.97,58.68,21.72,8.72,23.1,0.51,10.33,12.61,19.04,11.56,21.5,10.61,24.52,10.14,0.05
11-Oct-18 9:30:00 AM EDT,44.59,41.13,58.68,21.98,8.72,23.2,0.46,10.49,12.61,19.04,12.07,21.5,10.55,24.31,39.16,0.05
11-Oct-18 10:00:00 AM EDT,54.42,42.04,58.68,20.99,8.62,23.2,0.31,20.45,12.45,27.18,11.87,21.5,10.55,24.63,15.4,0.05
11-Oct-18 10:30:00 AM EDT,54.25,41.24,58.68,21.72,8.51,43.39,0.46,52.62,12.61,27.5,11.71,21.5,16.64,25.9,9.92,0.05
11-Oct-18 11:00:00 AM EDT,63.26,41.77,58.68,21.98,8.62,43.39,0.51,52.62,12.55,27.39,12.23,21.5,31.93,26.44,10.09,0.05
11-Oct-18 11:30:00 AM EDT,51.16,42.15,58.68,46.48,8.72,43.39,0.46,52.62,12.39,27.5,12.02,21.5,30.96,92.02,37.88,0.05
11-Oct-18 12:00:00 PM EDT,43.43,42.2,74.61,46.95,8.72,43.39,0.31,52.62,12.55,27.5,12.13,21.5,27.03,93.19,37.88,0.05
11-Oct-18 12:30:00 PM EDT,42.04,42.04,59.37,46.16,8.56,43.39,0.46,52.62,12.61,27.45,11.61,21.5,18.96,37.77,20.06,0.05
11-Oct-18 1:00:00 PM EDT,64.03,42.2,29.16,45.85,8.56,18.16,0.46,52.62,12.61,27.5,11.61,21.5,18.09,37.02,20.17,0.05
11-Oct-18 1:30:00 PM EDT,64.14,42.1,29.1,46.95,8.56,18.16,0.41,52.62,12.55,27.5,12.18,21.5,18.15,37.45,20.01,0.05
11-Oct-18 2:00:00 PM EDT,37.13,48.6,29.1,46.89,8.72,18.31,0.46,52.62,12.5,27.5,12.13,21.5,18.9,37.5,20.01,0.05
11-Oct-18 2:30:00 PM EDT,33.54,59.25,41.16,25.9,8.62,18.31,0.41,52.62,12.5,27.5,11.97,62.51,30.96,36.91,20.23,0.05
11-Oct-18 3:00:00 PM EDT,21.66,60.65,62.45,25.74,8.51,18.31,0.46,52.62,12.39,27.5,11.97,27.22,31.56,37.77,20.01,0.05
11-Oct-18 3:30:00 PM EDT,21.82,60.7,33.51,25.8,11.95,52.34,0.46,8.19,12.55,27.39,11.82,27.22,22.35,24.68,20.23,8.62
11-Oct-18 4:00:00 PM EDT,36.85,59.35,33.51,24.65,12.05,52.34,0.46,8.19,12.55,27.39,12.13,27.22,17.66,24.41,20.23,8.62
11-Oct-18 4:30:00 PM EDT,37.02,6.51,33.51,26.01,11.9,52.34,0.46,8.4,12.55,18.62,29.41,73.83,35.27,23.78,20.23,8.57
11-Oct-18 5:00:00 PM EDT,50.72,6.51,33.51,24.54,11.85,3.38,0.31,3,12.55,22.13,30.44,65.81,11.42,23.72,20.01,8.57
11-Oct-18 5:30:00 PM EDT,21.71,6.08,23.95,25.43,7.54,3.17,0.41,3,12.5,22.13,44.32,65.81,28.76,24.2,20.01,8.46
11-Oct-18 6:00:00 PM EDT,28.29,6.29,23.95,26.01,7.69,3.33,0.41,3,12.5,22.23,15.33,65.81,11.9,24.31,16.74,1.37
11-Oct-18 6:30:00 PM EDT,38.29,6.45,23.69,25.95,7.59,3.28,0.31,3,12.39,22.07,15.22,60.51,10.29,24.36,11.37,1.32
11-Oct-18 7:00:00 PM EDT,47.73,6.29,23.69,25.38,7.69,3.17,0.31,3,12.39,22.02,15.17,66.07,10.18,24.15,11.37,1.22
11-Oct-18 7:30:00 PM EDT,44.92,6.45,23.9,25.64,7.69,3.33,0.26,3,12.55,5,11.66,66.07,10.77,16.86,11.48,1.37
11-Oct-18 8:00:00 PM EDT,14.53,6.56,23.9,25.9,7.69,10.82,0.46,3,12.45,5.05,11.61,53.12,10.18,16.91,11.32,1.32
11-Oct-18 8:30:00 PM EDT,14.64,6.45,23.9,26.06,7.69,10.87,0.46,3,12.45,5.16,11.51,21.97,10.72,16.81,11.43,1.32
11-Oct-18 9:00:00 PM EDT,14.42,6.08,23.9,25.9,7.69,10.72,0.31,2.94,12.55,5.16,11.76,21.97,10.5,16.91,11.43,1.32
11-Oct-18 9:30:00 PM EDT,14.97,6.51,23.9,25.38,7.64,10.87,0.46,3,12.39,5.21,11.82,21.97,10.72,16.44,11.27,1.27
11-Oct-18 10:00:00 PM EDT,14.36,6.51,23.9,24.96,7.64,10.72,0.46,2.78,12.55,5.21,11.4,61.72,10.72,16.86,11.37,1.27
11-Oct-18 10:30:00 PM EDT,14.53,6.51,23.9,26.06,7.69,10.87,0.46,2.94,12.55,5.21,11.46,66.07,10.23,16.91,11.43,1.27
11-Oct-18 11:00:00 PM EDT,14.92,6.34,23.9,24.65,7.69,10.72,0.26,2.84,12.61,5.05,11.66,21.24,10.82,24.95,11.21,1.27
11-Oct-18 11:30:00 PM EDT,14.81,6.51,23.9,25.95,7.74,10.67,0.46,2.84,12.34,5.21,11.71,21.24,10.23,24.73,11.21,1.16
12-Oct-18 12:00:00 AM EDT,14.86,6.4,23.9,26.01,7.69,10.72,0.46,2.78,12.61,5.21,11.61,21.5,10.66,25.05,11.32,1.16
12-Oct-18 12:30:00 AM EDT,14.64,6.45,23.9,25.22,7.74,10.82,0.46,2.78,12.55,5.21,11.46,21.5,10.5,24.79,11.27,1.16
12-Oct-18 1:00:00 AM EDT,14.97,6.4,23.63,25.38,7.69,10.87,0.31,2.94,12.39,5.21,11.4,21.24,10.77,24.52,11.37,1.27
12-Oct-18 1:30:00 AM EDT,14.86,6.45,23.9,25.33,7.74,10.82,0.46,2.94,12.55,5.16,11.71,21.24,10.23,25.05,11.37,1.27
12-Oct-18 2:00:00 AM EDT,14.92,6.08,23.63,25.8,7.69,10.72,0.31,2.94,12.5,5,11.4,21.24,10.55,24.52,11.37,1.22
12-Oct-18 2:30:00 AM EDT,14.75,6.4,23.9,25.07,7.74,10.87,0.46,3,12.55,5.16,11.66,21.24,10.55,24.73,11.32,1.16
12-Oct-18 3:00:00 AM EDT,14.75,6.45,23.63,25.64,7.69,10.82,0.46,2.89,12.55,5.21,11.4,21.24,10.77,25,11.27,1.27
12-Oct-18 3:30:00 AM EDT,14.92,6.45,23.9,25.9,7.69,10.82,0.46,3,12.5,5.11,11.35,21.24,10.55,24.73,11.21,1.16
12-Oct-18 4:00:00 AM EDT,14.48,6.02,23.9,25.22,7.54,10.87,0.41,3,12.39,5.16,11.66,21.24,10.12,24.52,11.16,1.27
12-Oct-18 4:30:00 AM EDT,14.86,6.4,23.9,25.9,7.69,10.82,0.46,2.84,12.34,5.16,11.56,21.24,10.77,24.95,11.32,1.22
12-Oct-18 5:00:00 AM EDT,14.36,6.4,23.63,24.8,7.59,10.82,0.31,2.94,12.55,5.16,11.66,21.24,10.61,24.47,11.37,1.27
12-Oct-18 5:30:00 AM EDT,14.64,6.45,23.63,25.95,7.69,10.82,0.46,2.94,12.45,5.16,11.76,21.24,10.23,25,11.32,1.22
12-Oct-18 6:00:00 AM EDT,14.14,6.08,23.63,25.17,7.54,10.87,0.36,3,12.55,5.11,11.66,21.24,10.29,24.95,11.37,1.22
12-Oct-18 6:30:00 AM EDT,14.81,6.4,23.63,25.95,7.64,10.67,0.31,2.94,12.55,5.16,11.66,21.24,10.39,24.95,11.37,1.22
12-Oct-18 7:00:00 AM EDT,14.2,6.4,23.9,25.01,7.54,10.82,0.41,2.94,12.39,5.05,11.71,21.24,10.72,24.41,11.37,1.27
12-Oct-18 7:30:00 AM EDT,14.36,6.18,23.63,25.43,7.69,10.82,0.46,3,12.5,4.95,11.15,21.24,10.61,24.89,11.21,1.27
12-Oct-18 8:00:00 AM EDT,14.75,6.34,23.63,25.38,7.69,10.82,0.36,2.94,12.55,5,11.56,21.24,10.12,24.84,11.37,1.27
12-Oct-18 8:30:00 AM EDT,14.81,6.45,42.54,24.91,7.69,10.87,0.31,2.84,12.5,5.16,11.56,21.24,10.45,24.84,11.16,1.22
12-Oct-18 9:00:00 AM EDT,38.18,6.29,42.54,25.43,7.64,10.61,0.26,3,12.55,5.05,11.46,21.24,10.12,46.33,10.94,1.27
12-Oct-18 9:30:00 AM EDT,43.15,48.98,42.54,25.8,7.59,4.68,0.26,2.94,12.34,5.16,11.71,21.24,15.56,74.68,10.19,1.27
12-Oct-18 10:00:00 AM EDT,24.75,61.29,38.45,51.02,7.69,7.96,0.31,3,12.34,5,11.56,21.24,27.3,55.53,10.19,1.16
12-Oct-18 10:30:00 AM EDT,56.96,59.41,38.87,52.11,7.69,8.12,0.46,2.78,12.34,5,11.51,25.54,13.19,50.8,10.35,1.27
12-Oct-18 11:00:00 AM EDT,39.12,60.54,59.11,51.07,7.69,7.96,0.31,2.94,12.5,4.95,11.56,29.16,13.62,74.04,10.25,1.22
12-Oct-18 11:30:00 AM EDT,39.12,82.8,59.11,19.9,7.59,8.01,0.31,2.89,23.65,4.89,11.61,33.98,24.93,51.54,20.76,41.62
12-Oct-18 12:00:00 PM EDT,55.03,4.95,26.34,20.16,7.69,8.06,0.31,2.94,23.65,5.16,11.35,34.35,26.39,51.6,20.82,41.62
12-Oct-18 12:30:00 PM EDT,52.1,33.12,45.09,19.74,7.64,8.01,0.46,2.94,23.65,5.16,11.61,57.26,23.53,51.28,20.92,14.12
12-Oct-18 1:00:00 PM EDT,35.19,41.51,43.49,44.18,7.49,7.96,0.36,2.94,23.6,5.16,11.61,57.26,25.42,51.7,19.05,14.12
12-Oct-18 1:30:00 PM EDT,34.92,51.72,27.08,43.08,7.49,7.96,0.26,2.94,23.6,5,11.56,20.14,24.39,51.38,18.94,14.12
12-Oct-18 2:00:00 PM EDT,58.4,53.01,26.71,17.6,7.59,7.8,0.26,2.94,23.6,5.16,11.56,19.93,17.45,85.32,19.1,14.12
12-Oct-18 2:30:00 PM EDT,26.3,71.67,27.08,52.85,7.64,7.96,0.46,2.94,23.6,5.16,11.15,64.18,28.65,33.51,20.98,14.12
12-Oct-18 3:00:00 PM EDT,26.13,72.63,27.08,44.86,7.49,7.91,0.36,2.89,23.6,5.11,11.35,64.18,18.9,24.36,20.87,14.12
12-Oct-18 3:30:00 PM EDT,26.24,70.75,27.08,44.23,7.54,7.96,0.46,2.94,23.6,4.73,11.09,33.93,19.49,24.79,20.76,14.12
12-Oct-18 4:00:00 PM EDT,26.52,28.92,27.08,44.28,7.69,7.96,0.41,2.94,23.49,5.11,11.2,33.93,19.6,24.89,20.87,14.12
12-Oct-18 4:30:00 PM EDT,26.57,42.1,26.71,44.86,7.69,7.96,22.31,2.94,23.49,4.95,11.66,33.93,19.6,25.05,20.71,14.12
12-Oct-18 5:00:00 PM EDT,26.57,48.01,27.14,66.48,7.49,3.64,1.13,2.73,63.25,4.79,11.15,42.63,19.22,24.84,20.71,14.12
12-Oct-18 5:30:00 PM EDT,26.52,46.99,27.14,19.27,7.64,3.59,24.92,2.73,63.25,4.95,11.66,42.63,19.6,24.47,20.71,0.05
12-Oct-18 6:00:00 PM EDT,38.51,47.04,27.14,19.53,7.49,3.59,24.92,2.78,12.88,7.02,11.61,42.63,19.44,24.84,20.71,0.05
12-Oct-18 6:30:00 PM EDT,38.95,18.28,19.49,18.69,7.49,3.64,24.92,2.84,12.88,7.02,11.25,42.63,6.46,24.41,20.82,0.05
12-Oct-18 7:00:00 PM EDT,20.5,18.23,19.49,18.85,7.64,3.49,24.92,2.94,12.66,6.81,11.51,48.77,6.14,24.95,9.82,0.05
12-Oct-18 7:30:00 PM EDT,20,18.28,19.49,19.16,7.69,3.54,24.92,2.94,12.66,6.86,11.61,18.83,6.25,24.95,9.66,0.05
12-Oct-18 8:00:00 PM EDT,20.61,17.9,19.49,19.16,7.64,3.64,24.92,2.94,12.82,6.86,11.71,18.98,6.41,24.79,9.82,0.05
12-Oct-18 8:30:00 PM EDT,20.44,17.53,19.28,19.48,7.69,3.64,24.92,2.78,12.77,6.81,11.4,18.98,6.25,24.84,9.66,0.05
12-Oct-18 9:00:00 PM EDT,20,17.69,19.28,19.06,7.64,3.64,24.92,2.89,12.77,6.97,11.61,18.77,6.46,24.31,9.76,0.05
12-Oct-18 9:30:00 PM EDT,20.39,17.96,19.28,18.75,7.49,3.49,24.92,2.78,12.77,7.02,11.56,18.77,6.25,24.79,9.71,0.05
12-Oct-18 10:00:00 PM EDT,20.44,17.58,19.49,19.48,7.64,3.43,25.08,2.94,12.82,6.86,11.46,18.77,5.92,24.79,9.82,0.05
12-Oct-18 10:30:00 PM EDT,20.17,17.85,19.44,19.48,7.69,3.59,25.03,2.94,12.61,7.02,11.66,18.77,6.3,24.26,9.82,0.05
12-Oct-18 11:00:00 PM EDT,20.39,17.63,19.28,18.22,7.64,3.64,25.03,2.84,12.66,7.02,11.61,18.77,6.25,24.73,9.76,0.05
12-Oct-18 11:30:00 PM EDT,20.39,18.17,19.44,19.48,7.49,3.64,25.03,2.94,12.66,7.02,11.66,18.98,6.41,24.31,9.76,0.05
13-Oct-18 12:00:00 AM EDT,20.44,17.74,19.28,19.06,7.69,3.49,24.92,2.84,12.72,6.97,11.66,18.93,6.3,24.68,9.87,0.05
13-Oct-18 12:30:00 AM EDT,20.44,18.12,19.44,19.43,7.64,3.64,24.92,2.94,12.72,6.97,11.2,18.93,6.25,24.73,9.76,0.05
13-Oct-18 1:00:00 AM EDT,20.11,18.06,19.28,19.01,7.64,3.64,24.92,2.78,12.72,6.97,11.71,18.72,6.41,24.79,9.66,0.05
13-Oct-18 1:30:00 AM EDT,20.11,17.53,19.49,18.43,7.69,3.54,25.03,2.89,12.72,6.97,11.61,18.77,6.41,24.31,9.82,0.05
13-Oct-18 2:00:00 AM EDT,19.94,18.23,19.44,19.06,7.59,3.59,25.03,2.94,12.77,6.97,11.35,18.77,6.03,24.95,9.82,0.05
13-Oct-18 2:30:00 AM EDT,20.39,18.17,19.22,19.53,7.59,3.64,24.82,2.89,12.77,6.97,11.66,18.88,6.19,24.31,9.66,0.05
13-Oct-18 3:00:00 AM EDT,20.33,18.33,19.44,19.53,7.49,3.59,25.08,2.94,12.82,6.97,11.56,18.88,6.35,24.73,9.76,0.05
13-Oct-18 3:30:00 AM EDT,20.11,18.17,19.49,18.69,7.64,3.64,25.03,2.89,12.66,6.97,11.71,18.88,6.41,24.73,9.66,0.05
13-Oct-18 4:00:00 AM EDT,20.5,17.85,19.22,19.48,7.54,3.59,25.03,2.78,12.82,6.97,11.56,18.88,6.3,24.47,9.6,0.05
13-Oct-18 4:30:00 AM EDT,20.5,18.28,19.49,19.53,7.69,3.54,25.03,2.94,12.77,6.97,11.56,18.88,6.35,24.63,9.76,0.05
13-Oct-18 5:00:00 AM EDT,19.72,17.74,19.44,19.48,7.54,3.64,25.03,2.94,12.77,6.97,11.35,18.88,6.3,24.95,9.82,0.05
13-Oct-18 5:30:00 AM EDT,20.28,18.17,19.44,18.28,7.64,3.54,25.03,2.73,12.77,6.97,11.3,18.88,6.41,24.57,9.76,0.05
13-Oct-18 6:00:00 AM EDT,19.61,18.12,19.22,19.27,7.54,3.59,25.03,2.78,12.61,6.86,11.51,18.77,6.3,24.73,9.76,0.05
13-Oct-18 6:30:00 AM EDT,20.17,18.17,19.49,19.48,7.59,3.64,24.97,2.94,12.72,7.02,11.66,18.93,6.3,24.52,9.6,0.05
13-Oct-18 7:00:00 AM EDT,19.72,17.8,19.28,19.48,7.54,3.64,24.97,2.89,12.77,6.97,11.61,18.93,5.87,24.68,9.6,0.05
13-Oct-18 7:30:00 AM EDT,20.11,18.23,19.44,18.8,7.54,3.64,24.92,2.94,12.77,6.81,11.51,18.93,6.41,24.47,9.76,0.05
13-Oct-18 8:00:00 AM EDT,20.44,18.23,19.44,19.58,7.64,3.64,25.03,2.73,12.77,6.91,11.46,18.93,6.35,24.95,9.82,0.05
13-Oct-18 8:30:00 AM EDT,20.5,18.23,19.44,19.43,7.49,3.64,25.03,2.78,12.77,6.97,11.61,18.93,6.09,24.84,9.76,0.05
13-Oct-18 9:00:00 AM EDT,20.44,18.17,19.44,19.48,7.49,3.43,25.03,2.89,12.61,7.02,11.66,18.93,6.41,24.84,9.6,0.05
13-Oct-18 9:30:00 AM EDT,20.5,18.28,19.28,19.48,7.49,3.43,24.97,2.84,12.77,6.81,11.71,18.93,6.14,24.84,9.76,0.05
13-Oct-18 10:00:00 AM EDT,19.94,18.28,19.44,19.16,7.69,3.54,25.03,2.78,12.77,6.76,11.66,18.77,6.35,24.79,9.76,0.05
13-Oct-18 10:30:00 AM EDT,34.14,17.58,19.44,18.64,7.59,3.59,14.38,2.89,12.77,7.02,10.99,18.98,6.35,24.15,9.6,0.05
13-Oct-18 11:00:00 AM EDT,33.65,18.17,19.44,19.06,7.64,3.64,0.61,2.89,12.77,6.86,11.15,18.93,6.35,24.26,9.6,0.05
13-Oct-18 11:30:00 AM EDT,33.76,17.96,19.44,19.43,7.69,3.43,0.41,2.78,12.77,6.97,11.35,18.72,6.41,24.47,9.71,0.05
13-Oct-18 12:00:00 PM EDT,33.2,17.58,19.28,19.06,7.64,3.64,0.61,2.73,12.77,6.97,11.71,18.77,6.09,24.95,9.82,0.05
13-Oct-18 12:30:00 PM EDT,34.09,18.28,19.44,18.49,7.59,3.43,0.61,2.73,12.66,6.97,11.35,18.77,6.35,24.79,9.71,0.05
13-Oct-18 1:00:00 PM EDT,33.92,18.12,19.28,19.37,7.64,3.59,0.56,2.94,12.66,6.97,11.61,18.77,5.98,24.36,9.66,0.05
13-Oct-18 1:30:00 PM EDT,34.09,17.96,19.28,19.48,7.64,3.64,0.51,2.78,12.66,7.02,11.66,18.77,6.41,24.79,9.55,0.05
13-Oct-18 2:00:00 PM EDT,33.92,18.28,19.44,19.27,7.64,3.64,0.56,2.78,12.66,6.97,11.66,18.77,6.35,25.05,9.76,0.05
13-Oct-18 2:30:00 PM EDT,33.92,18.23,19.28,19.22,7.69,3.64,0.56,2.89,12.66,6.97,11.46,18.77,6.35,24.68,9.76,0.05
13-Oct-18 3:00:00 PM EDT,33.98,18.23,19.28,19.43,7.64,3.64,0.41,2.94,12.66,6.97,11.3,18.77,6.03,25,9.66,0.05
13-Oct-18 3:30:00 PM EDT,32.98,18.12,19.28,19.43,7.64,3.69,0.51,2.94,12.66,6.91,11.56,18.98,5.92,24.63,9.71,0.05
13-Oct-18 4:00:00 PM EDT,34.03,17.69,19.44,19.22,7.69,3.64,0.56,2.94,12.66,6.76,11.51,18.93,6.19,24.84,9.6,0.05
13-Oct-18 4:30:00 PM EDT,32.87,17.63,19.22,19.11,7.54,3.64,0.41,2.89,12.66,6.91,11.61,18.93,6.03,24.84,9.76,0.05
13-Oct-18 5:00:00 PM EDT,33.87,17.8,19.49,19.58,7.49,3.64,0.56,2.94,12.66,6.76,11.66,18.93,6.35,24.95,9.55,0.05
13-Oct-18 5:30:00 PM EDT,33.76,18.01,19.44,19.01,7.59,3.64,0.56,2.94,12.77,6.97,11.71,18.93,6.41,24.89,9.71,0.05
13-Oct-18 6:00:00 PM EDT,34.03,18.06,19.44,19.11,7.49,3.64,0.56,2.94,12.72,6.97,11.51,18.72,6.3,24.26,9.76,0.05
13-Oct-18 6:30:00 PM EDT,33.26,18.06,19.44,19.22,7.49,3.43,0.51,2.94,12.66,6.76,11.15,18.93,6.35,24.89,9.71,0.05
13-Oct-18 7:00:00 PM EDT,34.09,18.01,19.22,19.11,7.44,3.64,0.51,2.89,12.72,6.76,11.61,18.72,6.41,24.79,9.71,0.05
13-Oct-18 7:30:00 PM EDT,33.76,17.9,19.38,19.22,7.49,3.64,0.51,2.89,12.72,6.97,11.46,18.93,6.25,24.52,9.55,0.05
13-Oct-18 8:00:00 PM EDT,33.81,17.58,19.22,18.9,7.49,3.49,0.56,2.89,12.55,6.7,11.15,18.93,5.92,24.73,9.6,0.05
13-Oct-18 8:30:00 PM EDT,34.03,18.12,19.38,19.53,7.54,3.64,0.56,2.94,12.72,6.91,11.66,18.93,6.41,24.57,9.82,0.05
13-Oct-18 9:00:00 PM EDT,34.03,17.74,19.44,19.53,7.59,3.64,0.56,2.78,12.77,6.76,11.66,18.72,6.3,24.63,9.6,0.05
13-Oct-18 9:30:00 PM EDT,33.65,18.28,19.44,19.53,7.69,3.59,0.56,2.94,12.5,6.91,11.61,18.72,5.92,24.84,9.55,0.05
13-Oct-18 10:00:00 PM EDT,33.98,17.58,19.44,19.37,7.64,3.64,0.46,2.94,12.61,6.91,11.46,18.93,6.3,24.68,9.76,0.05
13-Oct-18 10:30:00 PM EDT,33.48,18.23,19.44,19.16,7.59,3.69,0.56,2.78,12.72,6.97,11.61,18.93,6.35,24.89,9.76,0.05
13-Oct-18 11:00:00 PM EDT,33.65,18.06,19.44,18.85,7.54,3.43,0.56,2.94,12.55,6.97,11.56,18.93,6.25,24.84,9.6,0.05
13-Oct-18 11:30:00 PM EDT,33.54,18.06,19.44,19.37,7.49,3.64,0.56,2.89,12.72,6.91,11.46,18.93,6.3,24.79,9.66,0.05
14-Oct-18 12:00:00 AM EDT,33.87,17.47,19.44,18.8,7.49,3.69,0.56,2.89,12.55,6.76,11.61,18.72,6.35,24.89,9.76,0.05
14-Oct-18 12:30:00 AM EDT,33.04,18.17,19.44,19.11,7.49,3.64,0.56,2.94,12.66,6.91,11.51,18.72,6.03,24.57,9.6,0.05
14-Oct-18 1:00:00 AM EDT,33.87,18.12,19.44,18.8,7.64,3.49,0.41,2.89,12.77,6.97,11.4,18.93,5.98,24.04,9.76,0.05
14-Oct-18 1:30:00 AM EDT,33.76,17.96,19.44,19.16,7.44,3.59,0.36,2.78,12.72,6.81,11.04,18.93,5.92,24.79,9.66,0.05
14-Oct-18 2:00:00 AM EDT,33.92,18.17,19.22,18.43,7.69,3.69,0.56,2.78,12.77,6.76,11.25,18.72,6.3,24.84,9.76,0.05
14-Oct-18 2:30:00 AM EDT,33.87,17.63,19.44,18.33,7.49,3.59,0.51,2.73,12.72,6.91,11.61,18.72,6.25,24.57,9.76,0.05
14-Oct-18 3:00:00 AM EDT,33.81,18.06,19.22,19.58,7.49,3.64,0.61,2.89,12.72,6.76,11.04,18.72,6.09,24.52,9.82,0.05
14-Oct-18 3:30:00 AM EDT,33.43,17.8,19.38,19.48,7.64,3.64,0.41,2.89,12.77,6.91,11.09,18.77,6.03,24.95,9.76,0.05
14-Oct-18 4:00:00 AM EDT,32.71,18.06,19.44,18.59,7.69,3.59,0.56,2.89,12.72,6.97,11.09,18.77,6.19,24.73,9.76,0.05
14-Oct-18 4:30:00 AM EDT,34.09,17.69,19.38,19.48,7.64,3.64,0.56,2.94,12.77,6.81,11.3,18.77,5.87,24.15,9.6,0.05
14-Oct-18 5:00:00 AM EDT,34.03,17.53,19.44,19.32,7.59,3.43,0.51,2.89,12.61,6.91,11.15,18.77,6.35,24.31,9.76,0.05
14-Oct-18 5:30:00 AM EDT,33.26,18.17,19.38,18.38,7.59,3.59,0.56,2.78,12.61,6.91,11.71,18.77,6.14,24.73,9.82,0.05
14-Oct-18 6:00:00 AM EDT,33.48,18.12,19.44,18.38,7.64,3.64,0.56,2.94,12.72,6.91,11.66,18.77,6.25,24.15,9.66,0.05
14-Oct-18 6:30:00 AM EDT,33.92,17.74,19.44,19.63,7.64,3.69,0.56,2.89,12.72,6.91,11.56,18.77,6.3,24.57,9.71,0.05
14-Oct-18 7:00:00 AM EDT,33.98,17.53,19.44,18.49,7.64,3.64,0.56,2.89,12.72,6.76,11.04,18.72,5.98,24.84,9.76,0.05
14-Oct-18 7:30:00 AM EDT,32.71,18.23,19.44,19.48,7.64,3.69,0.41,2.94,12.72,6.91,11.51,18.72,6.14,24.36,9.76,0.05
14-Oct-18 8:00:00 AM EDT,32.87,17.96,19.38,19.32,7.54,3.43,0.41,2.94,12.5,6.81,11.56,18.72,6.19,24.68,9.6,0.05
14-Oct-18 8:30:00 AM EDT,33.81,18.01,19.44,19.43,7.69,3.49,0.56,2.89,12.72,6.91,11.61,18.93,6.35,24.68,9.6,0.05
14-Oct-18 9:00:00 AM EDT,33.2,17.74,19.44,19.58,7.69,3.64,0.56,2.89,12.72,6.97,11.09,18.93,6.3,24.41,9.82,0.05
14-Oct-18 9:30:00 AM EDT,33.37,17.74,19.22,19.16,7.44,3.64,0.51,2.78,12.72,6.97,11.66,18.72,5.82,24.73,9.82,0.05
14-Oct-18 10:00:00 AM EDT,33.7,18.01,19.22,18.96,7.49,3.64,0.41,2.89,12.55,6.91,11.51,18.93,6.35,24.26,9.76,0.05
14-Oct-18 10:30:00 AM EDT,33.26,18.23,19.22,19.27,7.49,3.54,0.41,2.89,12.72,6.81,11.56,18.93,6.03,24.36,9.55,0.05
14-Oct-18 11:00:00 AM EDT,33.98,17.69,19.38,19.53,7.64,3.64,0.51,2.89,12.72,6.97,11.51,18.93,5.82,24.68,9.76,0.05
14-Oct-18 11:30:00 AM EDT,33.7,17.63,19.38,19.48,7.54,3.43,0.46,2.89,12.72,6.91,11.46,18.93,6.09,24.84,9.71,0.05
14-Oct-18 12:00:00 PM EDT,33.04,17.47,19.44,19.53,7.49,3.69,0.56,2.78,12.72,6.91,11.56,18.72,6.03,24.79,9.76,0.05
14-Oct-18 12:30:00 PM EDT,33.59,18.12,19.22,19.06,7.59,3.64,0.56,2.94,12.66,6.91,11.25,18.93,6.3,24.73,9.76,0.05
14-Oct-18 1:00:00 PM EDT,33.98,18.12,19.44,19.01,7.64,3.64,0.56,2.94,12.72,6.76,11.51,18.93,6.19,24.84,9.76,0.05
14-Oct-18 1:30:00 PM EDT,33.81,18.17,19.44,19.48,7.69,3.64,0.56,2.94,12.72,6.91,11.66,18.93,6.35,24.63,9.6,0.05
14-Oct-18 2:00:00 PM EDT,33.92,18.12,19.22,19.11,7.64,3.64,0.56,2.89,12.55,6.97,11.66,18.72,6.41,24.79,9.6,0.05
14-Oct-18 2:30:00 PM EDT,33.76,18.28,19.44,18.33,7.64,3.64,0.51,2.94,12.72,6.91,11.66,18.93,6.3,24.84,9.76,0.05
14-Oct-18 3:00:00 PM EDT,33.92,18.28,19.44,19.53,7.54,3.64,0.56,2.94,12.72,6.86,11.4,18.93,6.03,24.57,9.82,0.05
14-Oct-18 3:30:00 PM EDT,33.76,17.85,19.22,19.48,7.64,3.69,0.46,2.94,12.72,6.91,11.51,18.93,5.92,24.57,9.71,0.05
14-Oct-18 4:00:00 PM EDT,33.87,17.47,19.44,19.22,7.69,3.49,0.41,2.84,12.66,6.91,11.3,18.93,6.25,24.63,9.71,0.05
14-Oct-18 4:30:00 PM EDT,33.76,18.23,19.44,18.96,7.69,3.64,0.46,2.94,12.72,6.76,11.4,18.93,5.98,24.89,9.6,0.05
14-Oct-18 5:00:00 PM EDT,34.03,18.12,19.28,19.43,7.64,3.64,0.41,3,12.72,6.97,11.15,18.93,6.3,24.89,9.76,0.05
14-Oct-18 5:30:00 PM EDT,33.7,18.06,19.28,18.59,7.69,3.49,0.46,2.89,12.55,6.91,11.61,18.93,6.35,24.36,9.76,0.05
14-Oct-18 6:00:00 PM EDT,33.48,18.23,19.44,18.69,7.49,3.49,0.61,2.94,12.61,6.81,11.66,18.72,5.98,24.68,9.76,0.05
14-Oct-18 6:30:00 PM EDT,33.98,17.96,19.44,19.11,7.54,3.69,0.56,2.94,12.72,6.97,11.56,18.93,5.92,24.95,9.76,0.05
14-Oct-18 7:00:00 PM EDT,32.76,17.53,19.22,18.59,7.54,3.59,0.61,2.94,12.55,6.81,11.61,18.93,6.3,24.79,9.76,0.05
14-Oct-18 7:30:00 PM EDT,33.37,18.17,51.89,19.22,7.64,3.64,0.56,2.84,12.55,6.97,11.51,18.72,6.3,24.79,9.76,0.05
14-Oct-18 8:00:00 PM EDT,33.98,18.23,22.84,19.06,7.59,3.59,0.56,2.78,12.55,6.76,11.35,18.93,6.3,25,9.6,0.05
14-Oct-18 8:30:00 PM EDT,34.03,18.23,22.57,19.32,7.69,3.69,0.56,2.78,12.72,6.76,11.61,18.93,5.98,24.31,9.82,0.05
14-Oct-18 9:00:00 PM EDT,33.7,17.74,22.84,19.43,7.59,3.69,0.56,3,12.55,6.97,11.66,18.77,6.25,24.31,9.76,0.05
14-Oct-18 9:30:00 PM EDT,33.09,18.01,22.57,19.22,7.64,3.64,0.46,2.84,12.72,6.76,11.61,18.77,6.41,24.89,9.66,0.05
14-Oct-18 10:00:00 PM EDT,34.2,18.01,42.06,42.09,7.64,3.64,0.56,2.94,12.55,6.97,11.04,18.77,6.35,25,9.71,0.05
14-Oct-18 10:30:00 PM EDT,33.76,18.06,21.72,20.52,7.54,3.54,0.56,2.94,12.61,6.76,11.3,18.77,5.92,24.84,9.76,0.05
14-Oct-18 11:00:00 PM EDT,33.37,18.17,21.72,20.16,7.69,3.69,0.41,2.78,12.55,6.97,11.66,18.77,6.35,24.26,9.71,0.05
14-Oct-18 11:30:00 PM EDT,33.92,18.12,21.61,19.27,7.49,3.64,0.61,2.78,12.72,6.76,11.61,18.77,6.41,24.89,9.76,0.05
15-Oct-18 12:00:00 AM EDT,33.54,18.06,21.61,20.57,7.64,3.64,0.56,2.94,12.66,6.76,11.4,18.77,6.19,24.73,9.6,0.05
15-Oct-18 12:30:00 AM EDT,34.09,17.53,21.61,20.31,7.64,3.64,0.46,2.78,12.66,6.91,11.56,18.77,6.3,24.73,9.6,0.05
15-Oct-18 1:00:00 AM EDT,33.92,18.23,21.61,20.52,7.69,3.69,0.46,2.94,12.72,6.91,11.25,18.77,5.98,25,9.76,0.05
15-Oct-18 1:30:00 AM EDT,33.65,18.01,21.61,20.37,7.64,3.64,0.56,2.78,12.66,6.76,11.71,18.77,6.35,24.84,9.76,0.05
15-Oct-18 2:00:00 AM EDT,33.92,18.28,21.61,20.26,7.64,3.64,0.46,2.94,12.72,6.81,11.51,18.77,6.09,25,9.6,0.05
15-Oct-18 2:30:00 AM EDT,33.37,18.12,21.61,20.63,7.69,3.69,0.46,2.94,12.77,6.97,11.61,18.77,6.3,24.79,9.55,0.05
15-Oct-18 3:00:00 AM EDT,33.98,18.12,21.61,20.47,7.64,3.64,0.56,2.94,12.72,6.97,11.56,18.77,6.19,24.79,9.71,0.05
15-Oct-18 3:30:00 AM EDT,33.87,17.85,21.61,20.05,7.64,3.64,0.61,2.94,12.61,6.76,11.3,18.77,6.25,24.95,9.76,0.05
15-Oct-18 4:00:00 AM EDT,33.54,18.28,21.67,20.47,7.64,3.69,0.56,2.94,12.61,6.97,11.15,18.77,6.35,25,9.71,0.05
15-Oct-18 4:30:00 AM EDT,33.92,18.23,21.67,20.57,7.54,3.69,0.56,2.84,12.72,6.97,11.2,18.77,6.3,24.73,9.82,0.05
15-Oct-18 5:00:00 AM EDT,33.92,17.96,21.67,20.16,7.64,3.49,0.56,2.94,12.72,6.97,11.46,18.77,6.19,24.84,9.66,0.05
15-Oct-18 5:30:00 AM EDT,33.92,18.23,21.67,19.37,7.69,3.54,0.56,2.84,12.55,6.76,11.66,18.77,6.41,24.89,9.76,0.05
15-Oct-18 6:00:00 AM EDT,32.87,17.9,21.67,20.21,7.54,3.64,0.61,2.94,12.72,6.91,11.35,18.98,6.3,24.84,9.82,0.05
15-Oct-18 6:30:00 AM EDT,33.26,18.12,21.67,19.48,7.59,3.64,0.46,2.94,12.72,6.97,11.61,18.77,6.19,24.41,9.71,0.05
15-Oct-18 7:00:00 AM EDT,33.65,18.23,21.67,20.05,7.69,3.64,0.56,2.89,12.55,6.76,11.61,18.77,6.35,24.89,9.71,0.05
15-Oct-18 7:30:00 AM EDT,33.2,18.12,21.67,20.47,7.64,3.69,0.56,2.94,12.77,6.97,11.46,18.77,6.25,24.73,9.76,0.05
15-Oct-18 8:00:00 AM EDT,33.76,18.28,49.87,20.57,7.64,3.49,0.41,2.94,12.66,6.97,11.3,18.77,5.76,24.41,9.76,0.05
15-Oct-18 8:30:00 AM EDT,34.03,18.17,49.87,20.16,7.49,3.64,0.56,3,12.77,6.97,11.66,18.77,6.35,35.16,23.82,0.05
15-Oct-18 9:00:00 AM EDT,36.13,17.9,40.41,19.9,7.64,3.49,0.41,2.94,12.55,6.97,11.61,18.77,6.09,45.9,31.22,0.05
15-Oct-18 9:30:00 AM EDT,14.48,23.76,40.41,19.43,7.59,3.43,0.56,2.94,12.72,6.97,11.09,18.77,6.25,45.96,42.01,0.05
15-Oct-18 10:00:00 AM EDT,14.53,42.8,40.41,19.06,7.64,3.64,0.56,2.94,12.72,6.76,11.46,18.77,6.19,46.17,42.01,18.35
15-Oct-18 10:30:00 AM EDT,14.42,42.58,22.89,19.74,7.64,3.64,0.51,2.78,12.61,6.97,11.56,18.93,6.25,44.84,42.01,39.98
15-Oct-18 11:00:00 AM EDT,14.36,42.9,22.46,19.63,7.49,3.64,0.46,2.94,12.55,6.81,11.04,18.93,6.35,45.64,40.77,13.54
15-Oct-18 11:30:00 AM EDT,14.2,42.74,47.8,19.74,29.49,3.75,0.56,2.94,12.72,6.7,11.66,18.93,6.3,45.16,40.77,11.9
15-Oct-18 12:00:00 PM EDT,14.48,41.77,51.62,19.74,29.49,3.9,0.36,2.89,12.66,6.7,11.66,18.93,5.82,45.85,17.01,11.95
15-Oct-18 12:30:00 PM EDT,14.09,42.53,24.38,18.8,29.49,3.85,0.56,2.78,12.77,6.91,15.02,18.93,6.3,46.12,39.16,46.27
15-Oct-18 1:00:00 PM EDT,29.72,42.26,24.64,19.95,29.49,3.9,0.46,2.78,12.55,6.97,14.86,18.72,6.19,45.74,39.16,46.27
15-Oct-18 1:30:00 PM EDT,30.44,42.8,27.3,18.85,29.49,3.69,0.56,2.94,12.55,6.91,15.02,18.93,6.35,45.11,39.27,46.27
15-Oct-18 2:00:00 PM EDT,30.33,76.99,27.4,19.63,29.49,3.69,0.51,2.94,12.72,6.49,14.96,18.77,6.84,45.9,39.27,46.27
15-Oct-18 2:30:00 PM EDT,20.06,75.59,27.4,18.75,7.69,3.9,0.56,2.89,12.55,6.65,14.96,18.77,6.46,45.16,40.72,11.26
15-Oct-18 3:00:00 PM EDT,21.88,77.1,27.4,18.28,7.59,3.8,0.41,2.94,12.72,6.91,14.71,18.77,6.79,45.59,42.54,11.26
15-Oct-18 3:30:00 PM EDT,21.6,75.48,27.4,18.8,7.74,3.9,0.36,2.78,12.66,6.76,14.71,18.77,6.79,45.43,37.5,11.11
15-Oct-18 4:00:00 PM EDT,41.99,75.59,27.51,18.12,7.54,3.85,0.56,2.78,12.72,10.64,14.6,18.77,6.79,44.68,37.12,11.26
15-Oct-18 4:30:00 PM EDT,23.87,46.88,27.51,18.85,7.49,3.85,0.46,2.89,12.72,10.59,38.24,18.77,6.73,45.64,37.5,11.26
15-Oct-18 5:00:00 PM EDT,24.31,53.71,47.8,18.22,7.69,3.69,0.56,2.73,12.61,10.69,38.65,18.77,6.3,24.47,29.29,11.11
15-Oct-18 5:30:00 PM EDT,24.59,62.31,39.67,18.38,7.64,3.64,0.46,2.84,12.66,10.85,38.13,18.77,6.84,24.52,18.45,11.11
15-Oct-18 6:00:00 PM EDT,24.75,8.28,56.35,18.8,7.59,3.9,0.56,2.89,12.77,10.74,38.18,18.77,6.79,23.99,18.45,11.26
15-Oct-18 6:30:00 PM EDT,51.1,10.54,35.85,18.8,7.69,3.64,0.41,2.89,12.72,10.8,38.44,18.77,6.84,24.63,18.45,11.26
15-Oct-18 7:00:00 PM EDT,24.42,10.32,35.85,18.22,7.64,3.69,0.56,2.84,12.61,10.74,38.54,18.77,6.62,24.1,18.45,11.26
15-Oct-18 7:30:00 PM EDT,24.64,10.81,35.85,18.43,7.64,3.69,0.56,2.94,12.72,10.8,13.83,18.77,6.79,24.41,18.45,11.11
15-Oct-18 8:00:00 PM EDT,24.53,10.65,35.79,18.75,7.59,3.85,0.51,2.89,12.72,10.8,14.14,18.77,6.52,24.57,18.29,11.26
15-Oct-18 8:30:00 PM EDT,50.11,10.75,35.79,18.49,7.64,3.69,0.51,2.94,12.77,10.74,41.07,18.77,6.79,24.31,18.29,11.11
15-Oct-18 9:00:00 PM EDT,28.84,10.81,35.79,18.17,7.64,3.9,0.51,2.89,12.66,10.64,40.92,18.77,6.73,24.26,18.4,11.26
15-Oct-18 9:30:00 PM EDT,27.62,10.11,24.16,18.33,7.64,3.9,0.56,2.89,12.72,10.69,44.38,18.77,6.84,24.41,18.4,11.26
15-Oct-18 10:00:00 PM EDT,30.77,10.75,24.11,18.59,7.64,3.85,0.41,2.89,12.66,10.74,13.78,18.77,6.62,24.52,18.4,11.26
15-Oct-18 10:30:00 PM EDT,31.93,10.75,24.11,18.38,7.64,3.9,0.56,2.84,12.55,10.59,13.78,18.77,6.79,24.15,18.4,11.26
15-Oct-18 11:00:00 PM EDT,31.82,10.7,24.11,18.28,7.64,3.85,0.46,2.84,12.55,10.69,13.73,18.77,6.79,23.94,18.4,11.26
15-Oct-18 11:30:00 PM EDT,31.33,10.7,24.11,18.43,7.64,3.69,0.56,2.94,12.72,10.8,13.36,18.93,6.52,24.47,18.4,11.11
16-Oct-18 12:00:00 AM EDT,31.82,10.75,24.11,18.38,7.64,3.85,0.51,2.94,12.77,10.8,13.73,18.93,6.84,23.94,18.4,11.26
16-Oct-18 12:30:00 AM EDT,31.44,10.75,24.11,18.38,7.64,3.9,0.51,2.94,12.72,10.64,13.36,18.77,6.46,24.1,18.4,11.11
16-Oct-18 1:00:00 AM EDT,31.27,10.7,24.11,17.81,7.59,3.85,0.56,2.94,12.72,10.59,13.67,18.77,6.73,24.52,18.4,11.11
16-Oct-18 1:30:00 AM EDT,32.15,10.59,24.11,18.02,7.59,3.9,0.51,2.89,12.72,10.74,13.31,18.77,6.68,23.99,18.4,11.26
16-Oct-18 2:00:00 AM EDT,31.66,10.22,24.11,17.75,7.69,3.9,0.46,2.94,12.61,10.74,13.57,18.88,6.73,24.47,18.4,11.26
16-Oct-18 2:30:00 AM EDT,31.77,10.65,24.11,18.75,7.54,3.9,0.46,2.78,12.72,10.59,13.36,18.88,6.41,24.57,18.4,11.11
16-Oct-18 3:00:00 AM EDT,31.99,10.81,24.11,18.54,7.59,3.9,0.41,2.89,12.72,10.69,13.26,18.88,6.35,23.94,18.4,11.11
16-Oct-18 3:30:00 AM EDT,32.1,10.65,24.11,18.69,7.49,3.9,0.41,2.89,12.66,10.69,13.11,18.72,6.79,23.94,18.4,11.26
16-Oct-18 4:00:00 AM EDT,32.1,10.7,23.84,17.86,7.64,3.95,0.51,2.94,12.72,10.74,13.52,18.93,6.84,24.36,18.45,11.26
16-Oct-18 4:30:00 AM EDT,32.04,10.7,23.84,18.75,7.59,3.9,0.46,2.94,12.72,10.74,13.67,18.77,6.52,24.63,18.24,11.11
16-Oct-18 5:00:00 AM EDT,31.88,10.7,23.84,18.8,7.64,3.95,0.41,2.94,12.55,10.74,13.52,18.93,6.41,24.57,18.45,11.11
16-Oct-18 5:30:00 AM EDT,31.6,10.81,24.11,18.22,7.64,3.85,0.51,2.94,12.66,10.74,13.57,18.72,6.79,23.99,18.24,11.26
16-Oct-18 6:00:00 AM EDT,31.6,10.65,23.84,18.85,7.64,3.95,0.56,2.89,12.72,10.8,13.47,18.72,6.79,24.36,18.45,11.26
16-Oct-18 6:30:00 AM EDT,31.71,10.22,24.11,18.28,7.64,3.95,0.51,2.89,12.72,10.64,13.47,18.93,6.84,24.47,18.45,11.11
16-Oct-18 7:00:00 AM EDT,31.55,10.75,23.84,18.64,7.44,3.95,0.51,2.89,12.72,10.69,13.31,18.93,6.79,24.36,18.45,11.11
16-Oct-18 7:30:00 AM EDT,31.99,10.75,53.64,18.8,7.64,3.95,0.41,2.94,12.72,10.69,13.31,18.93,6.84,24.57,18.45,11.11
16-Oct-18 8:00:00 AM EDT,32.04,10.7,62.4,18.69,7.59,4.01,0.56,2.89,12.72,10.74,13.67,18.72,6.46,24.15,18.45,11.11
16-Oct-18 8:30:00 AM EDT,30.77,10.27,35.9,18.75,7.44,4.06,0.56,2.89,12.66,10.69,13.52,18.72,6.73,24.26,18.45,11.11
16-Oct-18 9:00:00 AM EDT,37.13,10.7,36.27,17.96,7.59,4.01,0.41,2.94,12.66,10.64,12.95,18.72,6.41,24.15,18.4,11.11
16-Oct-18 9:30:00 AM EDT,35.91,47.26,38.29,18.69,7.64,4.06,0.41,2.73,12.72,10.74,13.36,18.93,6.68,23.94,18.4,11.11
16-Oct-18 10:00:00 AM EDT,36.85,47.85,38.29,18.33,39.03,4.01,3.68,50.43,12.55,10.74,13.42,18.72,42.7,23.72,18.13,11.11
16-Oct-18 10:30:00 AM EDT,36.8,47.74,38.29,18.64,74.05,4.01,0.56,7.44,12.66,10.59,35.09,34.03,41.73,24.41,18.29,11.11
16-Oct-18 11:00:00 AM EDT,45.91,70,33.72,18.85,74.05,4.01,0.72,7.49,12.61,10.8,35.14,45.15,27.52,24.47,38.95,11.11
16-Oct-18 11:30:00 AM EDT,37.9,71.77,34.04,18.02,74.05,3.9,25.08,10.01,12.66,10.59,34.37,54.33,27.25,23.78,38.95,11.11
16-Oct-18 12:00:00 PM EDT,27.02,36.88,34.04,18.59,13.64,4.06,1.02,10.28,12.66,10.69,20.23,27.06,27.68,47.71,38.95,11.11
16-Oct-18 12:30:00 PM EDT,27.07,37.26,34.09,18.69,13.54,4.06,1.18,10.12,12.66,10.53,20.23,27.06,27.25,93.03,20.06,11.21
16-Oct-18 1:00:00 PM EDT,26.91,37.31,34.04,18.8,13.64,3.9,0.97,10.12,12.55,10.43,19.61,56,27.68,92.5,20.06,11.05
16-Oct-18 1:30:00 PM EDT,26.85,37.15,34.04,18.43,13.49,3.9,0.97,10.28,12.72,10.48,20.02,54.01,16.64,36.76,25.91,11.21
16-Oct-18 2:00:00 PM EDT,29.56,51.4,34.04,18.54,13.64,3.95,0.92,21.47,12.66,10.59,19.81,54.69,10.12,42.13,25.54,11.21
16-Oct-18 2:30:00 PM EDT,30.17,51.77,34.04,44.6,13.64,4.11,0.87,21.47,12.66,10.59,19.66,54.69,10.34,53.4,28.76,11.05
16-Oct-18 3:00:00 PM EDT,30.33,58.6,34.04,17.28,13.49,4.11,0.61,29.93,12.5,10.59,19.76,54.69,9.85,28.78,33.64,1.11
16-Oct-18 3:30:00 PM EDT,31.16,59.78,34.04,17.75,13.49,3.95,0.77,29.93,12.5,10.74,50.98,54.69,9.75,28.56,33.64,1.11
16-Oct-18 4:00:00 PM EDT,30.77,58.33,34.04,39.53,13.54,4.06,0.72,29.93,12.5,10.64,53.41,61.93,10.29,23.19,33.64,1.11
16-Oct-18 4:30:00 PM EDT,30.77,60.54,34.04,68.36,7.74,3.95,0.77,5.46,12.5,10.48,53.46,48.24,10.29,27.34,33.58,0.95
16-Oct-18 5:00:00 PM EDT,37.9,59.19,33.99,7.1,7.69,4.01,0.72,5.46,12.5,10.48,53.41,20.4,33.33,28.35,33.58,1.06
16-Oct-18 5:30:00 PM EDT,66.02,60.22,34.04,7.21,7.54,4.06,0.61,5.46,12.66,10.48,58.31,65.71,10.29,27.87,44.64,1
16-Oct-18 6:00:00 PM EDT,51.05,8.87,34.04,6.58,7.54,3.95,0.67,5.46,12.61,10.53,58.15,65.71,10.18,28.19,44.64,1.06
16-Oct-18 6:30:00 PM EDT,13.87,8.87,34.04,6.53,7.54,3.9,0.72,5.46,12.61,10.53,26.63,31.93,10.23,28.24,10.09,1.06
16-Oct-18 7:00:00 PM EDT,13.92,8.92,18.8,7,7.69,4.11,0.67,5.25,12.66,10.74,18.78,31.93,10.34,27.98,9.92,1.11
16-Oct-18 7:30:00 PM EDT,13.76,8.76,18.8,7.15,7.69,3.9,0.61,5.46,12.66,10.74,19.09,23.54,10.02,28.24,9.92,1.06
16-Oct-18 8:00:00 PM EDT,13.87,8.39,18.8,6.89,7.54,4.11,0.77,5.3,12.66,10.74,18.73,23.54,10.18,28.35,9.98,1
16-Oct-18 8:30:00 PM EDT,13.87,8.76,18.8,7.05,7.59,4.06,0.72,5.41,12.66,10.74,19.09,23.54,10.39,28.46,10.09,1
16-Oct-18 9:00:00 PM EDT,13.92,8.39,18.8,6.95,7.49,4.06,0.72,5.41,12.66,10.69,18.94,23.54,10.34,27.55,10.09,1
16-Oct-18 9:30:00 PM EDT,13.81,8.55,18.8,6.84,7.64,4.06,0.56,5.41,12.72,10.74,19.3,23.54,10.39,27.61,9.92,1.06
16-Oct-18 10:00:00 PM EDT,13.81,8.82,18.8,7.05,7.64,4.11,0.72,5.41,12.66,10.74,19.2,23.54,9.8,28.19,9.98,1.11
16-Oct-18 10:30:00 PM EDT,13.92,8.49,18.8,7.15,7.69,4.06,0.77,5.41,12.66,10.8,18.78,23.54,10.34,28.35,9.92,1.06
16-Oct-18 11:00:00 PM EDT,13.54,8.92,18.8,7.05,7.69,4.06,0.72,5.41,12.61,10.59,19.3,23.54,10.23,28.4,9.92,1.06
16-Oct-18 11:30:00 PM EDT,13.92,8.87,18.8,7.15,7.64,4.06,0.77,5.3,12.66,10.74,19.35,23.54,10.34,28.14,10.09,1.06
17-Oct-18 12:00:00 AM EDT,13.87,8.71,18.8,7.05,7.64,3.9,0.72,5.41,12.66,10.59,18.58,23.54,10.02,27.71,10.09,1.06
17-Oct-18 12:30:00 AM EDT,13.43,8.66,18.8,6.74,7.69,4.06,0.72,5.46,12.66,10.74,18.78,23.54,10.39,28.14,10.09,1.06
17-Oct-18 1:00:00 AM EDT,13.87,8.66,18.8,7.21,7.64,4.06,0.61,5.41,12.66,10.69,18.73,23.54,10.34,28.09,9.92,1
17-Oct-18 1:30:00 AM EDT,13.92,8.87,18.8,7.15,7.59,4.01,0.67,5.41,12.5,10.69,18.99,23.54,9.75,27.77,10.14,1.06
17-Oct-18 2:00:00 AM EDT,13.92,8.39,18.8,7.1,7.69,4.06,0.72,5.41,12.66,10.74,19.3,23.54,9.96,27.77,10.09,1.06
17-Oct-18 2:30:00 AM EDT,13.87,8.6,18.8,7.21,7.54,4.11,0.72,5.41,12.72,10.74,19.04,23.54,10.45,28.09,9.98,0.95
17-Oct-18 3:00:00 AM EDT,13.81,8.82,18.8,6.74,7.49,3.95,0.61,5.41,12.55,10.8,19.3,23.54,10.45,28.24,9.98,1.06
17-Oct-18 3:30:00 AM EDT,13.81,8.82,18.8,7,7.49,4.11,0.56,5.3,12.55,10.59,19.09,23.54,10.07,28.19,10.03,0.95
17-Oct-18 4:00:00 AM EDT,13.98,8.6,41.48,7.15,7.64,4.06,0.56,5.3,12.5,10.74,18.42,23.54,9.96,28.19,9.92,1.06
17-Oct-18 4:30:00 AM EDT,13.31,8.55,23,6.68,7.49,4.06,0.56,5.46,12.5,10.8,18.89,23.54,9.96,28.03,9.92,1
17-Oct-18 5:00:00 AM EDT,13.76,8.87,23,7.15,7.64,4.11,0.72,5.3,12.61,10.74,19.25,23.54,10.29,28.46,10.09,1.06
17-Oct-18 5:30:00 AM EDT,13.59,8.76,52.63,7.15,7.64,4.11,0.72,5.46,12.5,10.74,19.35,23.54,9.8,28.46,9.92,0.95
17-Oct-18 6:00:00 AM EDT,13.37,8.82,25.12,6.84,7.69,4.11,0.72,5.41,12.5,10.74,18.78,23.54,9.96,27.93,10.09,1.06
17-Oct-18 6:30:00 AM EDT,13.43,8.87,24.85,7.05,7.49,4.06,0.56,5.41,12.72,10.53,18.94,23.54,9.85,27.82,10.09,1.06
17-Oct-18 7:00:00 AM EDT,13.92,8.82,24.85,7.15,7.69,3.9,0.56,5.25,12.5,10.8,19.25,23.54,10.34,28.24,9.87,0.95
17-Oct-18 7:30:00 AM EDT,13.81,8.76,24.85,7.1,7.64,4.11,0.72,5.25,12.5,10.8,19.09,23.54,10.34,28.03,9.98,0.95
17-Oct-18 8:00:00 AM EDT,13.15,8.87,24.85,7,7.54,4.06,0.67,5.41,12.5,10.74,18.58,23.54,10.23,28.03,10.09,1.06
17-Oct-18 8:30:00 AM EDT,13.31,8.66,24.85,7.21,7.54,4.11,0.56,5.41,12.66,10.74,19.2,23.54,9.96,29.52,10.09,1
17-Oct-18 9:00:00 AM EDT,16.69,8.82,24.85,6.63,7.64,3.9,0.41,5.46,12.66,10.74,18.73,23.54,10.34,30.11,9.92,1.06
17-Oct-18 9:30:00 AM EDT,16.63,70.32,46.52,7.1,7.44,4.06,0.46,5.41,12.5,10.74,18.42,23.54,10.29,29.79,10.03,0.95
17-Oct-18 10:00:00 AM EDT,16.69,71.24,68.45,7.21,7.44,3.9,0.67,5.3,12.5,10.59,18.73,23.54,10.23,69.57,37.61,1.06
17-Oct-18 10:30:00 AM EDT,16.74,71.4,68.45,7.15,7.49,4.06,0.72,5.3,12.66,10.74,18.83,23.54,10.18,43.46,23.66,1.06
17-Oct-18 11:00:00 AM EDT,16.63,70.97,66.49,36.5,7.44,4.06,0.72,5.25,12.55,10.74,19.3,23.54,11.15,42.61,14.91,1.06
17-Oct-18 11:30:00 AM EDT,16.02,71.08,32.18,37.39,7.59,3.9,0.67,5.41,12.5,10.53,19.3,23.54,11.58,43.24,14.86,1
17-Oct-18 12:00:00 PM EDT,16.69,28.66,32.18,35.67,7.54,4.06,0.56,5.25,12.45,15.48,18.42,23.54,11.63,43.46,14.86,1.06
17-Oct-18 12:30:00 PM EDT,16.85,28.6,32.18,35.87,7.44,4.06,0.72,5.25,12.5,42.13,19.3,23.54,11.2,43.09,15.02,1.06
17-Oct-18 1:00:00 PM EDT,16.63,28.82,37.44,37.28,7.44,4.06,0.61,5.41,12.5,42.55,19.2,23.54,11.04,43.51,15.08,0.95
17-Oct-18 1:30:00 PM EDT,16.46,60.43,37.44,37.34,7.49,4.06,0.72,5.41,65.25,42.5,19.14,23.54,11.15,42.71,46.19,1.06
17-Oct-18 2:00:00 PM EDT,16.52,59.09,40.79,37.13,7.59,3.95,0.72,5.41,34.7,42.5,19.3,57.05,38.93,43.51,46.19,35.43
17-Oct-18 2:30:00 PM EDT,16.08,60.7,42.49,37.23,7.59,4.11,0.72,5.41,46.77,42.55,28.69,61.51,11.95,42.82,46.19,35.43
17-Oct-18 3:00:00 PM EDT,16.74,65.86,40.25,35.98,7.64,4.06,19.14,5.19,25.16,42.5,29.77,62.98,12.06,42.45,46.19,35.43
17-Oct-18 3:30:00 PM EDT,16.08,66.83,29.85,36.34,7.54,4.11,1.28,5.41,25.16,42.45,29.72,45.67,11.85,37.23,39.49,2.27
17-Oct-18 4:00:00 PM EDT,16.8,67.15,29.85,36.14,7.59,4.06,1.28,5.35,25.16,42.45,29.05,37.18,12.06,36.6,39.49,2.33
17-Oct-18 4:30:00 PM EDT,16.02,67.15,38.98,37.18,7.54,4.11,26.82,61.03,25.16,42.5,29.72,37.18,12.22,37.18,39.49,2.33
17-Oct-18 5:00:00 PM EDT,16.41,66.83,36.8,48.41,7.59,4.11,0.72,4.55,25.16,42.5,28.9,48.93,12.22,36.7,39.49,2.22
17-Oct-18 5:30:00 PM EDT,16.74,68.49,44.29,48.67,7.59,3.9,0.72,1.28,25.16,42.5,28.95,48.93,11.95,37.02,21.24,2.33
17-Oct-18 6:00:00 PM EDT,16.74,67.53,44.29,48.67,7.59,4.11,0.67,1.45,25.16,42.5,28.69,48.93,11.63,36.86,21.3,2.33
17-Oct-18 6:30:00 PM EDT,16.24,11.45,55.92,48.41,7.59,4.06,0.72,1.45,25.16,29.1,29.77,29.52,12.17,36.91,9.87,2.33
17-Oct-18 7:00:00 PM EDT,16.46,11.51,54.06,47.62,7.49,4.01,0.67,1.45,25.16,29.1,29.67,29.52,11.74,37.34,9.82,2.33
17-Oct-18 7:30:00 PM EDT,16.74,11.72,48.06,47.73,7.59,3.9,0.67,1.45,25.27,29.1,29.77,29.52,11.58,37.34,9.87,2.27
17-Oct-18 8:00:00 PM EDT,16.24,11.99,48.06,48.09,7.44,4.06,0.67,1.34,25.22,29.1,29.67,29.52,11.69,37.18,9.82,2.22
17-Oct-18 8:30:00 PM EDT,16.74,11.99,29.37,20.57,7.54,4.01,0.67,1.23,25.27,29.1,29.51,29.52,12.17,37.02,9.82,2.33
17-Oct-18 9:00:00 PM EDT,16.08,11.94,29.37,21.57,7.54,3.9,0.67,1.39,25.27,29.1,29.67,29.58,11.85,36.49,9.76,2.27
17-Oct-18 9:30:00 PM EDT,16.8,11.51,29.37,21.36,7.54,4.06,0.51,1.45,25.27,29.1,29.57,29.63,12.06,37.39,9.87,2.22
17-Oct-18 10:00:00 PM EDT,16.74,11.99,29.37,20.99,7.59,3.9,0.56,1.39,25.27,29.1,29.57,29.63,12.17,36.65,9.82,2.33
17-Oct-18 10:30:00 PM EDT,16.52,11.99,29.37,20.73,7.54,4.06,0.67,1.45,25.27,29.1,29,29.58,11.9,37.23,9.76,2.27
17-Oct-18 11:00:00 PM EDT,16.74,12.04,29.37,20.89,7.49,4.06,0.67,1.28,25.27,29.1,29.82,29.58,11.85,36.54,9.71,2.33
17-Oct-18 11:30:00 PM EDT,16.41,11.94,29.37,20.84,7.38,4.06,0.61,1.45,25.27,29.1,29.05,29.63,12.28,37.18,9.82,2.33
18-Oct-18 12:00:00 AM EDT,16.41,11.67,29.37,21.78,7.54,4.06,0.67,1.39,25.27,29.1,28.74,29.63,11.63,37.23,9.82,2.22
18-Oct-18 12:30:00 AM EDT,16.52,11.72,29.37,21.57,7.59,4.06,0.61,1.45,25.27,29.1,29.51,29.63,11.69,36.97,9.82,2.33
18-Oct-18 1:00:00 AM EDT,16.41,11.94,29.37,21.62,7.54,4.11,0.72,1.39,25.27,29.1,29.77,29.63,12.17,37.02,9.6,2.17
18-Oct-18 1:30:00 AM EDT,16.63,12.04,29.37,21.31,7.44,4.06,0.67,1.28,25.16,29.1,28.9,29.63,12.22,37.23,9.76,2.27
18-Oct-18 2:00:00 AM EDT,16.13,11.61,29.37,21.51,7.38,4.01,0.51,1.34,25.16,29.1,29.72,29.58,11.74,37.07,9.6,2.27
